Found LSM9DS1,,
5.03E-08,5.03E-08,5.03E-08
0.000141724,0.000141724,0.000141724
0.000259795,0.000259795,0.000259795
0.000372006,0.000372006,0.000372006
0.000477932,0.044043286,-0.03910097
0.000579825,0.085974784,-0.077001057
0.000672419,0.124334125,-0.111673609
0.000728248,0.160918907,-0.144742038
-9.62E-05,0.195802966,-0.176273102
-0.000965812,0.217955678,-0.197206406
-0.001796632,0.230481306,-0.210082963
-0.002567683,0.228421667,-0.217493214
-0.003329156,0.210405188,-0.221473633
-0.004052243,0.181029457,-0.218272297
0.003277743,0.149554445,-0.204840284
0.011813324,0.118168052,-0.192074112
0.021966223,0.085022019,-0.179963066
0.031605798,0.043313236,-0.168458897
0.041962902,-0.014744346,-0.157249996
0.052490279,-0.086393356,-0.145074884
0.060336579,-0.14210627,-0.134244531
0.058446342,-0.195807521,-0.123909584
0.056640451,-0.246274959,-0.118170815
0.054945033,-0.295308179,-0.114146268
0.053346661,-0.331461039,-0.112081182
0.050891134,-0.354530629,-0.110091896
0.045812326,-0.362434984,-0.108687542
0.04310039,-0.369509949,-0.125833757
0.042404079,-0.370137776,-0.144658447
0.045430933,-0.363716134,-0.157437164
0.048101811,-0.355159958,-0.168781334
0.047242414,-0.343296297,-0.179992153
0.044517394,-0.331530081,-0.18744216
0.039735612,-0.307974624,-0.182548388
0.034794683,-0.278972886,-0.162879149
0.032490945,-0.251198581,-0.144020824
0.030301904,-0.224800969,-0.126096098
0.028246383,-0.200313222,-0.109524825
0.026293925,-0.177056921,-0.093787584
0.022139425,-0.163592943,-0.08170578
0.015058076,-0.150629941,-0.069951962
0.008434164,-0.13839785,-0.058918517
0.002001318,-0.12666517,-0.049110744
-0.002911653,-0.115587937,-0.041893963
-0.007590859,-0.099619654,-0.037793685
-0.012031858,-0.083148434,-0.03433497
-0.01619747,-0.067575596,-0.031066552
-0.021371416,-0.051128324,-0.028399308
-0.031233318,-0.034830151,-0.025857401
-0.04043846,-0.010469525,-0.023576537
-0.043202334,0.016761614,-0.02568306
-0.045000292,0.046166519,-0.028214115
-0.046283367,0.075193241,-0.031544393
-0.047384171,0.103541147,-0.037007963
-0.04846744,0.132840419,-0.042448708
-0.049755221,0.163257853,-0.048737537
-0.050830549,0.190675853,-0.054548102
-0.052805429,0.226242755,-0.063181625
-0.05361332,0.249363865,-0.068696328
-0.056129678,0.26318258,-0.074042565
-0.06536655,0.277154229,-0.079531618
-0.073690162,0.287472043,-0.084401708
-0.082015585,0.296964783,-0.089649709
-0.089247737,0.304340084,-0.095043443
-0.096360888,0.30576779,-0.10037891
-0.083481961,0.300778969,-0.105537105
-0.07118434,0.290538498,-0.109243134
-0.05927466,0.274040633,-0.113014807
-0.048328006,0.250347198,-0.116191474
-0.037703705,0.220825617,-0.11486566
-0.028803663,0.188466216,-0.109288631
-0.029810068,0.154029363,-0.102568305
-0.03278183,0.123732103,-0.09588601
-0.036639435,0.093692303,-0.088942506
-0.040395691,0.066335563,-0.081574411
-0.044519067,0.040683161,-0.074139439
-0.050189507,0.018125557,-0.065891899
-0.05575727,0.001182455,-0.055813014
-0.060023268,-0.011888541,-0.04133143
-0.063354076,-0.021261181,-0.027554423
-0.066230518,-0.025877564,-0.014998576
-0.069121866,-0.030355708,-0.002776966
-0.062281807,-0.03466058,0.0089342
-0.053835085,-0.038773654,0.01444313
-0.045621741,-0.041358884,0.015984055
-0.03813393,-0.043283547,0.017010568
-0.030874961,-0.045223587,0.017796825
-0.02302039,-0.046822317,0.01738089
-0.016519778,-0.048583362,0.016320032
-0.010996085,-0.048350618,0.014568661
-0.007569517,-0.046785929,0.012820772
-0.005020063,-0.045092928,0.008837085
-0.003294086,-0.043203964,0.005121234
-0.002472886,-0.040369679,0.001348357
-0.002782226,-0.037262327,-0.002013803
-0.003077058,-0.034307928,-0.00521516
-0.003365315,-0.031480717,-0.008318579
-0.004378256,-0.028806089,-0.011182556
-0.005403218,-0.026252656,-0.013120652
-0.006474008,-0.024618102,-0.014616757
-0.007625165,-0.023075341,-0.015846439
-0.008720068,-0.021609441,-0.015774395
-0.01060672,-0.020216118,-0.015548075
-0.01241095,-0.018890858,-0.015335956
-0.014198742,-0.016974471,-0.013779672
-0.015855972,-0.014158524,-0.010763305
-0.017782746,-0.010627168,-0.00754062
-0.019606948,-0.007278853,-0.004485224
-0.021295547,-0.004144041,-0.001626417
-0.022944109,-0.001119882,0.001133269
-0.024746203,0.001646122,0.003653286
-0.028208469,0.003609695,0.005072899
-0.03229399,0.004799182,0.005673522
-0.036729866,0.005761231,0.006106509
-0.041236112,0.00668479,0.006338648
-0.046318171,0.007008181,0.00594689
-0.051864034,0.006636142,0.004081262
-0.059541541,0.004113232,0.001242806
-0.069969232,0.000217224,-0.002965081
-0.08219502,-0.005369096,-0.00703615
-0.096312769,-0.011306221,-0.010866797
-0.111788741,-0.017967835,-0.014487537
-0.136902586,-0.027184816,-0.018011354
-0.16098624,-0.039013305,-0.017030854
-0.184481948,-0.054237718,-0.016097787
-0.205188955,-0.068249071,-0.015215544
-0.22483945,-0.081548033,-0.01300859
-0.233293513,-0.094256014,-0.00844661
-0.230171594,-0.105931113,-0.004159753
-0.219128463,-0.117204414,0.001676666
-0.201969931,-0.122971328,0.00951602
-0.181734872,-0.122514399,0.016679141
-0.159087333,-0.120275791,0.023493588
-0.131242256,-0.118121016,0.030229689
-0.09945724,-0.115693347,0.036382878
-0.066948175,-0.112616875,0.04014439
-0.033277028,-0.109463834,0.041291794
0.001697091,-0.106543105,0.041419576
0.04215121,-0.100661018,0.040597609
0.080660862,-0.095080214,0.039680427
0.122850479,-0.08971054,0.038336822
0.160687288,-0.08068308,0.036967751
0.196562567,-0.069857109,0.035666266
0.228310923,-0.059340556,0.034441095
0.257448573,-0.048323567,0.031160278
0.277264024,-0.03786025,0.027484425
0.282796711,-0.029307661,0.023154909
0.288063124,-0.019243527,0.0186085
0.292021532,-0.009198348,0.014233094
0.294593448,0.001213803,0.010082536
0.295880485,0.011442205,0.006023108
0.29241051,0.020781931,0.002297008
0.289075979,0.029621361,-0.001231277
0.286072872,0.036948478,-0.003969791
0.277018449,0.043960484,-0.00658767
0.268412142,0.051834609,-0.009072184
0.260303597,0.05997933,-0.01146866
0.252425829,0.065651086,-0.013651606
0.245006872,0.071148828,-0.017348987
0.237842777,0.075960702,-0.020904854
0.230982596,0.078090025,-0.024763491
0.224534003,0.080193664,-0.029092293
0.218317095,0.07896065,-0.033505152
0.212585226,0.075724426,-0.037901385
0.202166391,0.070015707,-0.042002088
0.191850644,0.064169908,-0.045605718
0.1814626,0.049586897,-0.049358091
0.170514149,0.035438608,-0.053079
0.156433148,0.022425109,-0.056387198
0.1376076,0.009913411,-0.056211589
0.116093157,-0.001875327,-0.052360441
0.093216485,-0.012638707,-0.045003453
0.070024849,-0.020652761,-0.035463425
0.047792543,-0.028359544,-0.024455663
0.027113587,-0.035474885,-0.013860033
0.006134299,-0.042484591,-0.003110397
-0.013989325,-0.048332749,0.006535014
-0.0337578,-0.053906826,0.015719972
-0.052953771,-0.05830616,0.024340187
-0.071405527,-0.062558766,0.032492241
-0.089087759,-0.062843788,0.039465602
-0.105751452,-0.060023388,0.045990301
-0.122300039,-0.057354949,0.051994527
-0.138752381,-0.054803504,0.05642623
-0.155653113,-0.052196308,0.058208854
-0.172109886,-0.049468832,0.056954156
-0.189058146,-0.045939228,0.054916426
-0.205835764,-0.042972982,0.051836488
-0.226095448,-0.040378094,0.048076299
-0.251523163,-0.038129746,0.044352075
-0.280258949,-0.035786804,0.040788432
-0.306238369,-0.033494867,0.037009199
-0.333519995,-0.031150489,0.032333402
-0.35828029,-0.028537734,0.026077709
-0.382294479,-0.02604309,0.02007973
-0.394934992,-0.022502775,0.014321275
-0.393389783,-0.015606687,0.008954709
-0.38221946,-0.00441048,0.003929213
-0.36467776,0.009290895,0.000693961
-0.339123157,0.025688129,-0.002775578
-0.305870607,0.042135229,-0.006020149
-0.264595434,0.057727131,-0.008758061
-0.21802606,0.072399452,-0.010338493
-0.173229741,0.086630671,-0.011428235
-0.131025155,0.099964989,-0.012887478
-0.089875252,0.110703227,-0.014295834
-0.049822549,0.118465809,-0.016483201
-0.013507651,0.124107919,-0.018648966
0.017610923,0.127919583,-0.020684628
0.045795852,0.130290645,-0.022455227
0.069964148,0.129799984,-0.023539064
0.08780738,0.126218705,-0.024649317
0.097408055,0.119413247,-0.025588336
0.101336724,0.110166612,-0.027046047
0.100887625,0.099828055,-0.02879235
0.098316115,0.088834401,-0.029648619
0.095815248,0.078183462,-0.030445383
0.093079009,0.068094112,-0.030348825
0.090261763,0.058476032,-0.030129784
0.08648996,0.049464941,-0.029510397
0.081201158,0.042528312,-0.027351382
0.076190151,0.03854787,-0.024104847
0.071430657,0.036769761,-0.021022539
0.066930333,0.035459396,-0.018136227
0.062420166,0.034487216,-0.015368781
0.058110331,0.033672368,-0.012699451
0.05427539,0.032874763,-0.010725455
0.050772838,0.032133435,-0.008859696
0.047685996,0.031413849,-0.007183992
0.044967929,0.030655385,-0.005911159
0.042566289,0.029751503,-0.004895406
0.040288661,0.028796928,-0.0042925
0.038185338,0.027095588,-0.00371363
0.036200322,0.025484964,-0.003171574
0.034313106,0.02394997,-0.002649793
0.032516881,0.022480346,-0.002138251
0.030816008,0.021102918,-0.001341723
0.02912592,0.020179357,-0.000530339
0.027485115,0.019305143,0.000258409
0.025460126,0.018470356,0.000983479
0.023148456,0.017683795,0.001708996
0.020933988,0.016930721,0.002320614
0.018679396,0.016116109,0.001556742
0.016579901,0.015256493,0.000338189
0.014587965,0.01423624,-0.000929114
0.012709689,0.013254261,-0.002194924
0.011027566,0.012334339,-0.003334503
0.009408143,0.011455153,-0.004442655
0.008811651,0.010615285,-0.005401514
0.008648644,0.010268437,-0.005716567
0.008521272,0.010288846,-0.005230976
0.008373076,0.010367946,-0.004567706
0.008330634,0.0104599,-0.003913866
0.00827377,0.010520415,-0.003311428
0.008231791,0.010597439,-0.002614216
0.008197432,0.010564244,-0.001836967
0.008158385,0.010375553,-0.001109561
0.008157987,0.01012116,-0.00041049
0.008160512,0.009881369,0.00025821
0.008156566,0.009649452,0.001366843
0.008160062,0.009433831,0.002440149
0.008159305,0.009226344,0.003448471
0.009473883,0.009279381,0.004411933
0.013496707,0.010146184,0.005318988
0.018222396,0.01102686,0.005413653
0.024249583,0.012074081,0.005339065
0.031984053,0.01303363,0.003782785
0.041342543,0.013963205,0.000835728
0.053327821,0.014807509,-0.003564243
0.069555979,0.01564335,-0.00783958
0.088443794,0.014317812,-0.011952985
0.105148207,0.011008173,-0.015611131
0.122136888,0.005809613,-0.019311882
0.137565727,0.001019415,-0.021756004
0.15216078,-0.003518246,-0.022029176
0.164814037,-0.00795781,-0.021848743
0.176126551,-0.012740586,-0.021658775
0.186119023,-0.017352239,-0.020487957
0.195375716,-0.021771687,-0.019037417
0.201274744,-0.025888222,-0.017548757
0.202311989,-0.030061211,-0.015913433
0.196712397,-0.036838692,-0.013541712
0.184068767,-0.046288738,-0.010064056
0.16692981,-0.054852418,-0.00665333
0.148346294,-0.063969342,-0.00314712
0.128181951,-0.074801221,0.000465077
0.108198981,-0.085878745,0.004144033
0.089290509,-0.094965234,0.008051954
0.067169693,-0.103341208,0.012490806
0.043913688,-0.109617832,0.019287466
0.018733312,-0.114405494,0.025642946
-0.011102561,-0.119298111,0.031926109
-0.042282949,-0.124702401,0.037762743
-0.074711636,-0.126225376,0.043140176
-0.10762211,-0.127603979,0.047158904
-0.13846786,-0.126445975,0.050456496
-0.168107488,-0.126208786,0.053319908
-0.197950153,-0.127467312,0.054918579
-0.227009354,-0.129048879,0.055571369
-0.254499556,-0.130527673,0.054002562
-0.279612339,-0.13002622,0.051985841
-0.305026836,-0.12727136,0.049481236
-0.328146959,-0.12290612,0.046324701
-0.345622435,-0.116757695,0.04330974
-0.358395442,-0.094496457,0.040428218
-0.360237425,-0.071041591,0.037743728
-0.355414051,-0.047900457,0.035163052
-0.342485917,-0.026795529,0.033387514
-0.32392384,-0.005921594,0.032876142
-0.306327221,0.013248662,0.032360252
-0.289550532,0.028696643,0.031918403
-0.273610133,0.039755909,0.031500695
-0.25852047,0.04445577,0.031060609
-0.241978855,0.041607375,0.030180927
-0.226274574,0.036524715,0.02855012
-0.211295061,0.029144756,0.026998812
-0.197108942,0.020989222,0.025526569
-0.186302877,0.013191513,0.024127027
-0.175616171,0.005428832,0.022790983
-0.163203079,-0.001561102,0.0237017
-0.151167235,-0.008326954,0.024605154
-0.139687705,-0.013560494,0.025433517
-0.12706993,-0.017286229,0.026233934
-0.114971407,-0.020692631,0.026981221
-0.099776661,-0.023559434,0.027183297
-0.080932773,-0.024737709,0.027133653
-0.058153332,-0.023210806,0.0257194
-0.032223144,-0.021757931,0.024320587
-0.004651001,-0.020381095,0.02258471
0.022479592,-0.019069241,0.020718475
0.048868904,-0.017613082,0.017534692
0.074186278,-0.014713072,0.014490774
0.097512926,-0.012010789,0.011655639
0.119797375,-0.009438379,0.008956636
0.174373519,-0.004569262,0.003789709
0.194467153,-0.001675586,0.000649324
0.212256599,0.002858377,-0.002200949
0.229118334,0.007167995,-0.004910197
0.244982345,0.011237072,-0.007468116
0.260500752,0.015215231,-0.012566041
0.275377662,0.018967597,-0.022622973
0.289843524,0.02246705,-0.037573587
0.303674943,0.025776649,-0.051722868
0.316114212,0.028811121,-0.064768236
0.328354485,0.031788662,-0.077504073
0.337741786,0.036201707,-0.089507228
0.346655145,0.042995006,-0.099653379
0.355670274,0.049631187,-0.106823779
0.363662207,0.055768278,-0.109473581
0.347588082,0.061532965,-0.107658972
0.320889726,0.067108601,-0.102222061
0.285483949,0.068395029,-0.095484909
0.251937258,0.068314637,-0.089092072
0.219414293,0.068351516,-0.082294391
0.188849083,0.068329093,-0.07587436
0.160024817,0.068270939,-0.069480544
0.134203771,0.068206808,-0.063079594
0.10936379,0.068204148,-0.056921258
0.085791214,0.068196846,-0.049975523
0.066119848,0.068147676,-0.043427954
0.046815869,0.068247813,-0.037030848
0.029090023,0.065434357,-0.031115497
0.012366761,0.062646926,-0.025526631
-0.003504146,0.059076796,-0.021914493
-0.015874336,0.055197752,-0.018473864
-0.02418944,0.050310429,-0.015224213
-0.030469037,0.045367473,-0.012141514
-0.036116369,0.040469421,-0.009253019
-0.041123569,0.036205993,-0.006491391
-0.045679921,0.033386167,-0.004810999
-0.048754843,0.030713975,-0.003381933
-0.050226586,0.028167213,-0.002249585
-0.049550173,0.0257722,-0.001221707
-0.046852907,0.024835049,-0.000385602
-0.04429054,0.023944695,0.000408569
-0.041862493,0.023486383,0.001262871
-0.03955126,0.023066862,0.002171928
-0.037354563,0.022671868,0.003043411
-0.035274761,0.022164584,0.003836546
-0.033293354,0.021404471,0.004412371
-0.031416612,0.020673418,0.005137059
-0.029624367,0.019993854,0.005930357
-0.028970721,0.019628168,0.006755672
-0.028344725,0.019385181,0.007532902
-0.027746822,0.019043618,0.008164335
-0.027200687,0.018317581,0.008329244
-0.025858404,0.017627505,0.008400545
-0.024582466,0.016962146,0.00844714
-0.023370736,0.016038395,0.007778825
-0.022219486,0.015161293,0.007145424
-0.021125884,0.014327674,0.006542486
-0.020087473,0.013339659,0.005857904
-0.019100208,0.012108676,0.005050738
-0.018162851,0.010309041,0.00426753
-0.01727196,0.009224852,0.003709318
-0.016873489,0.008453316,0.003296237
-0.016511982,0.007952261,0.003034406
-0.016154513,0.007549736,0.003069596
-0.015804761,0.007167444,0.003189447
-0.015479808,0.00724002,0.003389519
-0.014822023,0.007983667,0.003635367
-0.014200581,0.008722997,0.004065
-0.013611917,0.00944159,0.004507386
-0.01273498,0.010111718,0.005218184
-0.011415376,0.010770843,0.005855864
-0.010132095,0.011556931,0.006500687
-0.008861428,0.012639945,0.007181104
-0.007696639,0.013576765,0.007771779
-0.007108831,0.014078729,0.008181365
-0.006547903,0.014173876,0.00788661
-0.006016227,0.014259575,0.006627783
-0.005506949,0.013851032,0.005314084
-0.005070196,0.01193727,0.003475166
-0.004657326,0.010134672,0.001743634
-0.004266564,0.008433285,0.000112996
-0.003893222,0.006800945,-0.001456812
-0.003858843,0.00520802,-0.00299798
-0.003827203,0.003922727,-0.003829736
-0.003793374,0.003066671,-0.004162308
-0.003442381,0.002719435,-0.004088871
-0.002936765,0.002487624,-0.003914678
-0.001906797,0.002397104,-0.003585784
-0.000955647,0.00334802,-0.003277453
-0.000228661,0.004759483,-0.002959052
0.000123975,0.006107354,-0.002552931
0.00045644,0.007376027,-0.002169038
0.000775804,0.008597643,-0.001801673
0.001080766,0.009765454,-0.001476454
0.000416028,0.010047431,-0.001246629
-0.00021444,0.009177686,-0.001100147
-0.000801683,0.007408362,-0.001149555
-0.001376746,0.005592747,-0.001051135
-0.001905974,0.003652542,-0.001103011
-0.002145917,0.00177255,-0.001154608
-0.001614899,-3.85E-05,-0.001205199
-0.001122498,-0.001709921,-0.001250176
-0.000632498,-0.003388106,-0.001270888
-0.000195081,-0.004721208,-0.001167803
6.65E-05,-0.005524996,-0.000546802
0.000130322,-0.004938763,0.000275001
0.00018705,-0.004399708,0.001009924
0.000159054,-0.003870366,0.001752284
-0.000279773,-0.003367021,0.00245873
-0.00070008,-0.002886383,0.00313616
-0.001089004,-0.002546907,0.003584739
-0.001457691,-0.002282827,0.003569472
-0.001817062,-0.002029005,0.003161755
-0.002008417,-0.001790285,0.002778382
-0.00219642,-0.001560477,0.002409215
-0.002365272,-0.001346903,0.002066291
-0.002534657,-0.00081543,0.001733347
-0.002695235,-0.000101914,0.00185158
-0.002658651,0.000812588,0.002129347
-0.002626962,0.001709768,0.002404793
-0.002590397,0.002502234,0.002642091
-0.002559521,0.003290845,0.00288209
-0.002691371,0.004028791,0.003105514
-0.002797599,0.004663739,0.002769175
-0.002899751,0.00527123,0.002434357
-0.002997434,0.005914039,0.001923537
-0.003083746,0.006500477,0.001418882
-0.003466679,0.007892711,0.000822079
-0.004045775,0.009591866,-2.13E-05
-0.004959678,0.011456115,-0.002044593
-0.005749857,0.013803711,-0.004214599
-0.006508791,0.016946342,-0.006769089
-0.006941312,0.020881209,-0.009895397
-0.007112229,0.025175484,-0.013381891
-0.006637109,0.030024268,-0.017094142
-0.004256337,0.035816076,-0.02145242
-0.002040621,0.042954944,-0.027153566
6.15E-05,0.052471507,-0.032560134
0.002075775,0.062961281,-0.037754787
0.003980873,0.073596295,-0.042661066
0.005290011,0.083467216,-0.04715851
0.00661073,0.095168175,-0.049780437
0.007813931,0.10741264,-0.047246142
0.00896238,0.11910483,-0.040453608
0.01006045,0.130290501,-0.03124685
0.010576981,0.1407549,-0.021771284
0.011058541,0.150543796,-0.01263519
0.01151495,0.159100526,-0.003964447
0.011990994,0.167697358,0.004610903
0.005995976,0.171948979,0.01243929
0.000359732,0.164983666,0.019788098
-0.004919962,0.143474682,0.02325091
-0.010086629,0.111394765,0.022281829
-0.014992094,0.078106356,0.0213611
-0.017266508,0.047139617,0.020481823
-0.019689524,0.015373729,0.019662885
-0.015178449,-0.012898547,0.018871603
-0.007027007,-0.040059344,0.029366095
0.001098807,-0.065549021,0.045724335
0.008742116,-0.089749581,0.061255175
0.015692314,-0.113048207,0.076209245
0.022241002,-0.135719009,0.090763878
0.028249735,-0.167315477,0.104058556
0.034994375,-0.199583954,0.115269224
0.041146546,-0.228602433,0.120931425
0.049406405,-0.255670571,0.124271387
0.058080162,-0.281433051,0.11609317
0.066525545,-0.298797142,0.10804721
0.074893339,-0.290573808,0.10033548
0.081995599,-0.276303676,0.092563492
0.089193254,-0.259022569,0.078393941
0.096405335,-0.240906029,0.059816758
0.096323772,-0.223912071,0.042783505
0.094367943,-0.207749339,0.029537014
0.090839072,-0.19222157,0.018250578
0.087250006,-0.172645951,0.014485109
0.079484161,-0.154050878,0.010908419
0.072056974,-0.136240261,0.007468963
0.06496338,-0.119209618,0.008065374
0.058223243,-0.108149953,0.012147476
0.04972172,-0.097711316,0.016019981
0.041426906,-0.087598087,0.019873851
0.033884922,-0.078294789,0.023264097
0.027189034,-0.069361233,0.026569799
0.022415978,-0.066652179,0.024796774
0.018929538,-0.068901405,0.023105926
0.013776511,-0.071034248,0.021499938
0.008816577,-0.073146054,0.019967332
0.004185445,-0.075045121,0.018520014
-3.89E-05,-0.076616918,0.017381132
-0.004260553,-0.074721312,0.020724906
-0.00884486,-0.06554179,0.023797231
-0.013269209,-0.05674266,0.026775252
-0.017489516,-0.048363997,0.029619083
-0.021622503,-0.039242908,0.032426658
-0.030847516,-0.027882116,0.038452959
-0.040420344,-0.014726611,0.044167152
-0.049950573,-0.001767488,0.046592496
-0.055956892,0.010063599,0.047759236
-0.05806519,0.026215999,0.048280005
-0.050307068,0.041960934,0.040472312
-0.043103888,0.056331802,0.033240578
-0.040694881,0.07006739,0.025856971
-0.047257424,0.084421293,0.018746821
-0.053490328,0.10214503,0.011993201
-0.059012864,0.118232491,0.005847056
-0.057031896,0.134738401,-0.000311784
-0.053919559,0.154385506,-0.006222796
-0.05097134,0.177298061,-0.011645017
-0.048165485,0.199677993,-0.016910864
-0.045503803,0.220467687,-0.021825215
-0.039922158,0.240749672,-0.024577089
-0.034675184,0.259491241,-0.027126757
-0.029583013,0.269691227,-0.029673944
-0.024759501,0.270090222,-0.03207744
-0.020330349,0.260807358,-0.032179868
-0.028023459,0.247318946,-0.031802386
-0.035604742,0.228912199,-0.031458946
-0.042634977,0.208316698,-0.030759768
-0.049259327,0.18627616,-0.029399488
-0.055893869,0.164642773,-0.028114152
-0.056313654,0.144397968,-0.026887194
-0.052557391,0.12504842,-0.025723324
-0.046796335,0.106225327,-0.02462421
-0.041058632,0.088854669,-0.023572444
-0.035213969,0.072609459,-0.022574248
-0.028566565,0.058688696,-0.021352834
-0.021687531,0.048353425,-0.01817085
-0.015184896,0.042185402,-0.015160553
-0.009629875,0.037393969,-0.012312581
-0.004817906,0.032876528,-0.00963383
-0.000885271,0.028604663,-0.007104368
0.002960062,0.024468563,-0.00589411
0.006623816,0.02053166,-0.005095466
0.005303117,0.01331634,-0.004369802
0.001452782,0.004379384,-0.003791758
-0.002853297,-0.003956752,-0.003249715
-0.007016085,-0.012622957,-0.003141536
-0.010908438,-0.022046874,-0.003341147
-0.014705459,-0.031234878,-0.003687762
-0.01830129,-0.039936607,-0.004422783
-0.019660719,-0.046094225,-0.005104449
-0.02044132,-0.050578134,-0.005730861
-0.021208114,-0.05412735,-0.006338561
-0.021946391,-0.054768875,-0.006920786
-0.022683145,-0.053676658,-0.007079245
-0.021421302,-0.050714972,-0.006521867
-0.020225676,-0.04790817,-0.005997335
-0.019243052,-0.045231567,-0.005503194
-0.018310841,-0.042376116,-0.004642742
-0.017423773,-0.038966976,-0.003854009
-0.01645404,-0.035437495,-0.003292061
-0.015510141,-0.032122627,-0.00293438
-0.014398561,-0.028983396,-0.002592015
-0.013342738,-0.026128954,-0.002266871
-0.012343646,-0.023433722,-0.001792869
-0.011628091,-0.020842662,-0.001133665
-0.010949377,-0.018396491,-0.000443126
-0.010361721,-0.016009909,0.000242856
-0.00980584,-0.014165397,0.000855028
-0.00927723,-0.01244446,0.001445242
-0.008775272,-0.010877037,0.002002278
-0.008298767,-0.009513851,0.002341898
-0.007845456,-0.008258921,0.001604763
-0.007414595,-0.007105845,0.000900995
-0.007005432,-0.006336558,0.000234637
-0.006617359,-0.005819148,-0.000388193
-0.006236987,-0.005329097,-0.000975345
-0.005874936,-0.004860744,-0.001541684
-0.005531395,-0.004548351,-0.002074724
-0.005203966,-0.004506241,-0.002478506
-0.005077488,-0.004470056,-0.002837486
-0.004954221,-0.004431277,-0.002671062
-0.004836681,-0.004219526,-0.002491748
-0.004611236,-0.004018338,-0.001903858
-0.004328324,-0.003827588,-0.000899891
-0.003496605,-0.003645933,0.000120064
-0.002684869,-0.003473701,0.001512142
-0.00256627,-0.002686318,0.002780964
-0.002621617,-0.001896465,0.004078001
-0.002672918,-0.001150669,0.005300186
-0.002719744,-0.000448981,0.006446326
-0.002883244,0.00042117,0.007556091
-0.00304161,0.001376969,0.007730142
-0.003188807,0.00215523,0.007312841
-0.003320853,0.002548273,0.006656141
-0.003463893,0.002455253,0.005947492
-0.003969309,0.002136987,0.004939669
-0.004442894,0.001751019,0.003607364
-0.004895063,0.001383409,0.002338021
-0.005344794,0.000415851,0.001099571
-0.007050927,-0.00106403,-4.69E-05
-0.009407114,-0.002476105,-0.00114065
-0.01203921,-0.003834923,-0.001885428
-0.015683773,-0.005105873,-0.00220026
-0.020022525,-0.006322575,-0.002032185
-0.025720238,-0.005527609,-0.001872739
-0.033176671,-0.004773403,-0.001721386
-0.051021955,-0.004053193,-0.001577153
-0.068616091,-0.003375567,-0.001440926
-0.088784011,-0.002722624,-0.002471805
-0.108655549,-0.003531376,-0.004164915
-0.126846301,-0.007182024,-0.007046713
-0.144020126,-0.014814174,-0.013542944
-0.159928595,-0.023763106,-0.019595932
-0.173394651,-0.034744614,-0.025413136
-0.184257644,-0.046215311,-0.030711603
-0.194159685,-0.057951096,-0.036162246
-0.200971241,-0.068697986,-0.038405366
-0.200481613,-0.079044946,-0.039029617
-0.190720343,-0.08885523,-0.039321601
-0.171729811,-0.097115509,-0.039100598
-0.146641295,-0.104021081,-0.036314089
-0.119531423,-0.109183598,-0.029515373
-0.094273735,-0.112568912,-0.019375452
-0.06770523,-0.114153948,-0.009494892
-0.04247252,-0.115532506,-0.000128738
-0.015416795,-0.113384016,0.008844466
0.01397423,-0.109935991,0.017235781
0.042108586,-0.105664342,0.023529011
0.068897193,-0.098319698,0.029236679
0.093956274,-0.085762115,0.033716024
0.118704112,-0.073579949,0.036628988
0.140040934,-0.061407029,0.038977472
0.158378829,-0.049679452,0.041013434
0.173131702,-0.038237488,0.041256315
0.185639366,-0.026539466,0.041429127
0.19792833,-0.016249854,0.041036108
0.202990041,-0.006701113,0.03996516
0.205248851,0.00130128,0.038816156
0.196959322,0.008461201,0.03720386
0.18911438,0.013238642,0.035677191
0.181575477,0.017553385,0.034212502
0.174542476,0.021987209,0.03284252
0.167789313,0.026012892,0.029470987
0.164810961,0.03002743,0.02602139
0.163055444,0.036254504,0.021792666
0.163845177,0.042639056,0.017829088
0.167967925,0.048731995,0.014054007
0.174859588,0.054596107,0.010441098
0.181633625,0.060290223,0.006965637
0.188426241,0.065710486,0.00375397
0.194069704,0.06999416,0.000848906
0.199761443,0.073744164,-0.00197051
0.199161361,0.072229754,-0.004630957
0.192813102,0.065907658,-0.007233679
0.182872481,0.056457673,-0.009829066
0.170845927,0.045372135,-0.012408048
0.157466291,0.035106535,-0.01475936
0.143360733,0.025373928,-0.01698578
0.12761179,0.016150454,-0.019092518
0.112843235,0.007567016,-0.018213714
0.098577668,-0.000182006,-0.017199077
0.08482669,-0.005554784,-0.016232776
0.070591631,-0.007550744,-0.015315419
0.057006815,-0.00940774,-0.014445752
0.043762105,-0.011153805,-0.012270969
0.030929031,-0.012840506,-0.010186615
0.01841381,-0.014398877,-0.00823531
0.003459285,-0.018435989,-0.00636513
-0.013380037,-0.026612244,-0.004595664
-0.029766229,-0.03459195,-0.001903621
-0.045564857,-0.042125469,0.000641336
-0.061119861,-0.049118861,0.003015819
-0.075960319,-0.055794835,0.005280106
-0.0900145,-0.058645468,0.007425207
-0.10348305,-0.05813397,0.009478852
-0.116909341,-0.057622629,0.01152875
-0.128527737,-0.056054987,0.013176068
-0.140247946,-0.054444255,0.01382495
-0.151068796,-0.052728445,0.01404707
-0.161796581,-0.051061225,0.014240158
-0.171690237,-0.049457135,0.014404901
-0.182174634,-0.047029319,0.013662972
-0.193945146,-0.042689421,0.012472495
-0.2074547,-0.037439971,0.01114081
-0.220589452,-0.032412634,0.009839823
-0.232713449,-0.027684184,0.008440338
-0.244358547,-0.023175068,0.006194389
-0.255146693,-0.01892828,0.001123121
-0.258392404,-0.014780318,-0.00460106
-0.254673608,-0.011284098,-0.00980855
-0.246960423,-0.008109348,-0.014772048
-0.236821502,-0.005092412,-0.0194893
-0.223108834,-0.002207821,-0.023921632
-0.205531486,0.000520045,-0.027545655
-0.184913206,0.003527089,-0.030068926
-0.160723034,0.008267417,-0.030856019
-0.133292167,0.014893099,-0.030665056
-0.108022147,0.020901029,-0.028841251
-0.084018909,0.026607371,-0.026481574
-0.061242078,0.032018871,-0.024241176
-0.039175327,0.03731541,-0.022091648
-0.020803139,0.041861323,-0.018846589
-0.006376277,0.04260543,-0.015814676
0.005375682,0.043098174,-0.012923673
0.015200268,0.043491263,-0.010242082
0.024876917,0.043338795,-0.008414548
0.033897132,0.042892614,-0.006923595
0.04264098,0.042467005,-0.005480207
0.05022598,0.041994649,-0.004152409
0.057027243,0.04157049,-0.002875312
0.061438856,0.041161963,-0.001756584
0.064290565,0.039725661,-0.001338044
0.065526795,0.038363931,-0.000938966
0.065000754,0.037049712,-0.000570784
0.064153234,0.035848207,-0.000196013
0.062226134,0.034636271,0.000143328
0.058964227,0.033524828,0.000194338
0.055344166,0.032445445,0.000240593
0.050973581,0.031404265,0.000283057
0.046798989,0.030423312,0.000324163
0.042811872,0.029499109,0.000393949
0.039029294,0.028619238,0.000459975
0.035445038,0.027780029,0.00052222
0.032734288,0.026747856,0.000579565
0.030662253,0.02557034,0.000412436
0.028699911,0.024449462,0.000122535
0.026819448,0.023390592,-0.000163058
0.025051218,0.022377978,-0.000422948
0.02336593,0.020856654,-0.000867279
0.021596434,0.019240994,-0.00129046
0.019713825,0.01770823,-0.00169076
0.017853922,0.016251703,-0.002071373
0.016093316,0.014872119,-0.002429601
0.014397884,0.013546581,-0.002216922
0.01281054,0.01266951,-0.001753347
0.01128994,0.011833385,-0.001216295
0.010189239,0.011147888,-0.000678402
0.009215437,0.010511758,-0.000120575
0.008424153,0.009923678,0.000448224
0.007831571,0.009363975,0.000957672
0.00751958,0.008832611,0.001438682
0.007347489,0.008329594,0.001841211
0.007218121,0.007980413,0.002199088
0.007093762,0.007648278,0.002352946
0.006975788,0.007332798,0.002411533
0.006862465,0.007032738,0.002444468
0.007216346,0.006748317,0.002345822
0.008168001,0.006477553,0.002079819
0.009099286,0.006221708,0.001805186
0.009907516,0.005974771,0.00131966
0.010756739,0.005744315,0.00050637
0.01426512,0.005766417,-0.00024288
0.021150241,0.006307995,-0.000982605
0.030087205,0.006792789,-0.001658432
0.038738233,0.007256034,-0.002302905
0.047420691,0.007703219,-0.002558121
0.055963705,0.00813318,-0.001792322
0.064240071,0.007805325,0.000170244
0.072053778,0.007408618,0.002133164
0.07988207,0.00703151,0.004159595
0.086797582,0.006673459,0.006405237
0.093170041,0.006333212,0.009131345
0.099079301,0.006010066,0.012024725
0.104818843,0.005703,0.014813296
0.110147534,0.005411364,0.017423171
0.112893494,0.005134047,0.020037963
0.115275941,0.004870781,0.022426469
0.117384604,0.003818218,0.024591304
0.119309675,0.000480735,0.021126664
0.120850684,-0.004009545,0.016070102
0.122359783,-0.008903285,0.0107124
0.123729739,-0.013786476,0.005184377
0.125294299,-0.019648498,-0.000883
0.126504295,-0.025712614,-0.00643994
0.121419419,-0.035083322,-0.011747295
0.111637899,-0.043670734,-0.016045218
0.097119774,-0.051997676,-0.020208032
0.077816259,-0.060119908,-0.024671621
0.057188892,-0.067789024,-0.029077309
0.036298035,-0.080679545,-0.033422571
0.016257406,-0.092451711,-0.037192809
-0.0030768,-0.104841853,-0.037896002
-0.021921431,-0.116759838,-0.037260409
-0.045467753,-0.127090286,-0.031688164
-0.068411348,-0.1371184,-0.021936594
-0.091714741,-0.14731686,-0.011853363
-0.113366623,-0.155878034,0.000726067
-0.139588258,-0.164875835,0.013327295
-0.168179718,-0.172500545,0.025014641
-0.195695229,-0.177027385,0.036240432
-0.222126748,-0.16954125,0.04700627
-0.247714957,-0.155374083,0.048203285
-0.272498719,-0.141841624,0.041299625
-0.291920014,-0.129175412,0.034915351
-0.302275078,-0.11659841,0.028886087
-0.307727014,-0.104719536,0.023206789
-0.308033517,-0.093879842,0.017704231
-0.300514598,-0.083033919,0.014079286
-0.289785047,-0.072516195,0.016501246
-0.274056316,-0.056829859,0.02791444
-0.258738819,-0.047656344,0.03289791
-0.2424073,-0.034106502,0.037449296
-0.226774388,-0.018252498,0.041988445
-0.211979925,-0.00342,0.046196952
-0.196833978,0.010235734,0.047482585
-0.179877974,0.023516699,0.048569519
-0.16376977,0.036133616,0.04936621
-0.148468234,0.043977773,0.048558983
-0.133564874,0.047453585,0.046895513
-0.118981307,0.045049004,0.045279391
-0.104043495,0.041528605,0.043743818
-0.089544316,0.038155389,0.042301588
-0.075989128,0.034982805,0.0408205
-0.062948112,0.031924673,0.039420213
-0.049458203,0.027029604,0.038082296
-0.031051869,0.022291704,0.036828084
-0.014063006,0.018030285,0.035708271
0.003095573,0.015624807,0.034964335
0.018338726,0.013560474,0.034190667
0.032967857,0.011587013,0.033465057
0.045952483,0.009566888,0.032434799
0.057019366,0.005850566,0.03077622
0.065935323,0.002122927,0.029199923
0.070879921,-0.00189381,0.028079818
0.075680022,-0.004984614,0.027019955
0.080166672,-0.006150962,0.025305272
0.084386541,-0.005882989,0.023232816
0.088492184,-0.004377275,0.019719189
0.095112985,-0.002929018,0.015872304
0.116923858,-0.00124704,0.011921179
0.139615457,0.000676062,0.008159769
0.161217973,0.007234186,0.004581382
0.18188721,0.013498271,9.40E-05
0.202226928,0.019611496,-0.008953572
0.222034037,0.025530767,-0.019665202
0.21839527,0.030836829,-0.029328161
0.206158612,0.03574093,-0.036919446
0.194070686,0.036298974,-0.039374686
0.178830539,0.03682788,-0.041704897
0.163977112,0.037315544,-0.043891459
0.149318277,0.037674153,-0.04577671
0.131703708,0.036557674,-0.047278177
0.115439376,0.035451825,-0.045084004
0.099373529,0.034447126,-0.042680152
0.084725707,0.034607757,-0.040309982
0.070725595,0.035175344,-0.038022946
0.057284698,0.037277705,-0.03501901
0.046918367,0.038775863,-0.032005906
0.036857386,0.038792532,-0.026523621
0.027521728,0.038261155,-0.019425758
0.018620919,0.037762349,-0.012514214
0.010219664,0.037278237,-0.005979386
-0.00012231,0.036851704,0.000369156
-0.009753087,0.03556507,0.006280831
-0.019464036,0.034086511,0.012229941
-0.028420468,0.032673976,0.017568618
-0.036890947,0.031330947,0.022345211
-0.040918857,0.030049197,0.026621777
-0.043371893,0.028827219,0.030412272
-0.045644247,0.027669348,0.033668942
-0.047710329,0.026578742,0.036553882
-0.049250409,0.02552889,0.038831066
-0.05079636,0.024540526,0.041126708
-0.052038423,0.023591118,0.041049502
-0.052829352,0.021129701,0.038878826
-0.053208993,0.018773353,0.035500821
-0.053325764,0.016538936,0.032251043
-0.053366497,0.014377831,0.028941883
-0.052723629,0.012365472,0.025847427
-0.051622708,0.010753247,0.022886412
-0.050211088,0.009550112,0.020084262
-0.047884416,0.008511584,0.017443419
-0.045065837,0.007592847,0.014906117
-0.042385504,0.007268898,0.012485149
-0.039846547,0.007694456,0.010216607
-0.037433501,0.008417781,0.009084644
-0.035146059,0.0090919,0.008218902
-0.032998335,0.009725919,0.00739885
-0.031596975,0.010331141,0.00661871
-0.030272256,0.010934964,0.00586673
-0.029020159,0.011039395,0.00514181
-0.028085162,0.010524069,0.004471823
-0.027197737,0.00957921,0.003834678
-0.026386119,0.00839576,0.003136172
-0.025577633,0.007106651,0.002148545
-0.024729639,0.005850022,0.001080933
-0.023750886,0.004652916,5.30E-06
-0.022698066,0.00355234,-0.000975141
-0.021701313,0.002531209,-0.001874535
-0.020752921,0.001524163,-0.002718822
-0.019697135,0.000602215,-0.003533533
-0.018560225,-0.000242309,-0.004303841
-0.017476422,-0.001055292,-0.004571722
-0.016414834,-0.001762589,-0.004112186
-0.015369809,-0.002197342,-0.003656592
-0.01441843,-0.002503068,-0.002771416
-0.013550414,-0.002594775,-0.001600723
-0.012687655,-0.002576906,-0.000222679
-0.011863855,-0.002187714,0.001115751
-0.011117028,-0.001658007,0.002384015
-0.010448586,-0.001162689,0.00356397
-0.009843514,-0.000690824,0.004689059
-0.009336111,-0.000236403,0.005649918
-0.008889849,0.00018922,0.006109743
-0.008479229,0.00022068,0.006414335
-0.008089081,0.000222234,0.006649681
-0.007718417,3.79E-05,0.006549506
-0.007365948,-0.000135414,0.006274529
-0.007031067,-0.000299916,0.006013246
-0.005771678,-0.000455528,0.005736334
-0.004576703,-0.000603088,0.00547323
-0.003436976,-0.000318411,0.005223398
-0.002306963,-3.48E-05,0.004719551
-0.001303116,0.000215246,0.004018775
-0.000620783,0.000462255,0.003335241
-0.001264036,0.000864529,0.00269474
-0.0019337,0.001075825,0.002083489
-0.002589574,0.001092018,0.001507253
-0.003217739,0.001107875,0.000956639
-0.003853043,0.001126523,0.000409375
-0.004386668,0.001136211,-8.33E-05
-0.004851702,0.001146616,-0.000643996
-0.004869881,0.001162055,-0.001039088
-0.004633591,0.001205495,-0.001304404
-0.004406633,0.001194178,-0.001338728
-0.004191073,0.001144882,-0.001372413
-0.003858983,0.00102398,-0.001401917
-0.003492862,0.000799679,-0.001425063
-0.003146847,0.000502885,-0.001446082
-0.002863983,0.000200391,-0.00146773
-0.002731026,-0.000113032,-0.001428993
-0.002644745,-0.000395183,-0.001348246
-0.003106715,-0.000805023,-0.0008384
-0.003349886,-0.001068449,-0.000499761
-0.003619002,-0.001325254,-0.000171653
-0.004448186,-0.001581466,0.000226225
-0.005347916,-0.001796252,0.000756318
-0.00620783,-0.001981597,0.001289283
-0.007030332,-0.002104887,0.001878949
-0.00780752,-0.002029204,0.002436714
-0.008383933,-0.001794951,0.002865511
-0.007877485,-0.000834082,0.003340454
-0.007404039,2.06E-06,0.003737229
-0.006955752,0.000781565,0.004199091
-0.006528239,0.001725242,0.004651476
-0.006023502,0.002625743,0.004970805
-0.005001947,0.003553348,0.005270424
-0.004021616,0.00453607,0.005403252
-0.003075719,0.006028167,0.005480972
-0.001929781,0.007727374,0.005450802
-0.000470206,0.009573987,0.004537505
0.001357384,0.011489235,0.002997677
0.003195829,0.013841526,0.00136344
0.005160367,0.016765665,-0.000231175
0.007464658,0.01968667,-0.001948757
0.010040788,0.023265429,-0.003663837
0.011753274,0.028867992,-0.0056031
0.013067205,0.037153421,-0.0092367
0.014222057,0.047473324,-0.014083229
0.015290967,0.057087318,-0.019851134
0.014564212,0.066449676,-0.02734178
0.009196048,0.076886478,-0.036085564
0.00444183,0.085937697,-0.0436392
-2.93E-05,0.094408633,-0.050716305
-0.004323781,0.102714606,-0.057541709
-0.008392916,0.110573114,-0.064002726
-0.010726736,0.119902915,-0.061660865
-0.008558531,0.129032079,-0.052186366
-0.003552721,0.137423212,-0.03703066
0.001420829,0.14546034,-0.02257733
0.006142325,0.153085113,-0.00885554
0.010689555,0.157232732,0.003924182
0.015363969,0.155309718,0.016316461
0.019693314,0.140250222,0.026561189
0.024175763,0.12358667,0.033478044
0.028124607,0.107907304,0.034616999
0.031496134,0.093137564,0.035656837
0.034877999,0.076966323,0.036748438
0.038013813,0.061332863,0.03774083
0.041293373,0.039297704,0.03867911
0.044040613,0.012638676,0.039857243
0.043116315,-0.020536302,0.043631464
0.041742892,-0.060273277,0.049050408
0.040448031,-0.107825604,0.055092366
0.039222953,-0.153321934,0.060886254
0.032269579,-0.195737263,0.066247075
0.025552229,-0.237151836,0.071527825
0.019054205,-0.277664814,0.076740752
0.012923115,-0.314517181,0.081622264
0.007154058,-0.33489718,0.085127074
0.002342932,-0.3535773,0.087418465
0.010705931,-0.336755804,0.089427201
0.019407734,-0.313687441,0.088641529
0.02779148,-0.291693555,0.087941838
0.035850529,-0.270735628,0.08264486
0.043463466,-0.248988475,0.070924162
0.050722304,-0.228305504,0.059768081
0.055819035,-0.210563974,0.049212611
0.060363761,-0.19366925,0.039136747
0.064682978,-0.177473915,0.02939082
0.066242487,-0.161980257,0.023491687
0.066822827,-0.145688232,0.023236244
0.066891702,-0.130187658,0.024782094
0.064968844,-0.115514154,0.0262335
0.065039688,-0.105355438,0.027557444
0.065149815,-0.095648109,0.028849195
0.065248471,-0.084482503,0.030071623
0.059894779,-0.073582763,0.02988984
0.054407375,-0.063341164,0.029694741
0.047661193,-0.053736363,0.029484703
0.041170733,-0.044481334,0.029310999
0.036250896,-0.033303615,0.028854508
0.032005586,-0.020637564,0.028423891
0.027972973,-0.008322097,0.028014625
0.024054072,0.003785453,0.027662399
0.020427654,0.014839781,0.027287622
0.020211913,0.025335401,0.022016645
0.020038911,0.036420543,0.01685428
0.019850069,0.047744402,0.012068786
0.019692242,0.060010272,0.00741796
0.019539831,0.071619389,0.002425282
0.018785546,0.082391176,-0.0022365
0.018033286,0.090618701,-0.006563243
0.01404957,0.098593979,-0.010730853
0.009164758,0.106357433,-0.014178348
0.004631679,0.11340648,-0.01612456
4.30E-05,0.124488436,-0.018157368
-0.004197595,0.134653508,-0.02001124
-0.008168577,0.144087616,-0.02173489
-0.01191016,0.152930727,-0.018819435
-0.017266763,0.168300137,-0.013864216
-0.021052975,0.181951279,-0.010035237
-0.024299757,0.193258243,-0.006633836
-0.032568385,0.205057983,-0.003252137
-0.040622017,0.216716821,2.43E-05
-0.048142059,0.227496456,0.001279495
-0.055420251,0.234092421,0.00171532
-0.062518677,0.237238242,-0.000418724
-0.061611277,0.235878358,-0.004637254
-0.05325062,0.232126443,-0.00975127
-0.041136501,0.225123063,-0.014813555
-0.029288821,0.21538649,-0.01982194
-0.018531493,0.203597948,-0.024287505
-0.00830887,0.190640113,-0.028531648
0.001499286,0.177854717,-0.029895255
0.007731007,0.162866354,-0.031288574
0.008778428,0.144591548,-0.032577649
0.005942491,0.123946536,-0.033641673
0.002153562,0.101460223,-0.034702733
-0.003083616,0.07939678,-0.03569537
-0.008588456,0.055921237,-0.036771078
-0.01411459,0.033485641,-0.037812627
-0.019123002,0.012967939,-0.038627303
-0.024005003,-0.006932823,-0.039459957
-0.028541253,-0.025503337,-0.03712012
-0.032741114,-0.040350754,-0.034797949
-0.034890471,-0.050605616,-0.031524643
-0.032036499,-0.056882817,-0.028367229
-0.029290608,-0.060413982,-0.024329876
-0.026677215,-0.063795319,-0.02048341
-0.024201778,-0.066958446,-0.015446407
-0.021874299,-0.068720058,-0.010746272
-0.020456574,-0.069027768,-0.0063817
-0.019094024,-0.068741556,-0.002049783
-0.017808544,-0.068211881,0.001959907
-0.016579363,-0.067443039,0.004820707
-0.016474574,-0.065344023,0.007204174
-0.016442542,-0.061687341,0.00922166
-0.016361595,-0.057866425,0.010849199
-0.016289354,-0.054231925,0.012038339
-0.015844664,-0.050770602,0.013088106
-0.01541651,-0.047201183,0.012488815
-0.015124932,-0.043778364,0.011416265
-0.01549113,-0.039741466,0.010333794
-0.01594899,-0.035933016,0.008913876
-0.016525375,-0.031980089,0.007384228
-0.016176307,-0.027934567,0.005969608
-0.01585266,-0.024050467,0.003959054
-0.015535756,-0.02040897,0.002082341
-0.015385003,-0.01686209,0.000497851
-0.015890303,-0.013482315,-0.001013414
-0.015719397,-0.01114724,-0.002437377
-0.014580831,-0.009026452,-0.003741202
-0.013369332,-0.007230294,-0.005034632
-0.012185834,-0.005565764,-0.006250563
-0.011041244,-0.004360333,-0.00704485
-0.011119025,-0.003237751,-0.007773274
-0.011389664,-0.002658336,-0.008326598
-0.011654662,-0.003285146,-0.008832497
-0.011185927,-0.004622054,-0.009292148
-0.010746099,-0.005964156,-0.009801516
-0.010324359,-0.007187746,-0.010368607
-0.009923431,-0.008346535,-0.010904827
-0.00953883,-0.009398416,-0.011269177
-0.009177198,-0.00999663,-0.011617362
-0.008834139,-0.009084963,-0.011761582
-0.008508036,-0.007523426,-0.01189736
-0.008201524,-0.006008493,-0.012155371
-0.010719339,-0.004591535,-0.012563482
-0.01462281,-0.00315155,-0.012912092
-0.01835754,-0.001169464,-0.013091429
-0.022215742,0.001273047,-0.013283314
-0.026535529,0.00307519,-0.013462758
-0.031038677,0.004016516,-0.013609787
-0.036563414,0.004528139,-0.013767228
-0.043673245,0.004856021,-0.013840037
-0.054654976,0.003237135,-0.013881939
-0.07047747,-0.001492069,-0.013918636
-0.091469333,-0.010199493,-0.013975277
-0.118518131,-0.023159941,-0.014620102
-0.154788912,-0.043423192,-0.015803655
-0.187136051,-0.071754647,-0.016832291
-0.218201185,-0.098924703,-0.01782471
-0.247193523,-0.12434093,-0.018743936
-0.274988757,-0.148678489,-0.019628658
-0.292156274,-0.173272866,-0.018716577
-0.290745407,-0.189245334,-0.00306432
-0.278655321,-0.204832231,0.027103534
-0.263066649,-0.218344936,0.054211471
-0.239333401,-0.230110414,0.07868
-0.204010139,-0.241360171,0.102012037
-0.15719472,-0.25137261,0.124594741
-0.098179015,-0.262478409,0.137001601
-0.031179065,-0.27479987,0.145068235
0.039416082,-0.286263838,0.151040558
0.114848625,-0.29708775,0.155952441
0.192919993,-0.305937218,0.158643227
0.288694247,-0.311853414,0.161193991
0.3838674,-0.311413814,0.162084812
0.468839181,-0.272667484,0.162486643
0.550078269,-0.235743689,0.161245391
0.626261602,-0.200731391,0.15471946
0.667427782,-0.167242972,0.146868479
0.675857967,-0.135515676,0.139410472
0.671154623,-0.10476446,0.132322373
0.659063494,-0.079251991,0.125850961
0.641496073,-0.055942266,0.120551383
0.614843141,-0.038896928,0.114662167
0.573838751,-0.029807135,0.107484414
0.521137136,-0.027155232,0.099569465
0.458249021,-0.032549251,0.091788815
0.390626839,-0.041988874,0.082471953
0.323974857,-0.053546834,0.071856797
0.259786652,-0.064676083,0.057166216
0.198977479,-0.075153731,0.043286637
0.141631418,-0.084969042,0.030212327
0.086805135,-0.094393107,0.017711739
0.033824372,-0.103471515,0.005179965
-0.016936847,-0.112130541,-0.008386632
-0.06472716,-0.118236851,-0.021218926
-0.108277617,-0.118848711,-0.031512552
-0.143847563,-0.112127593,-0.039752265
-0.178245008,-0.100626768,-0.046875029
-0.21052052,-0.087418984,-0.052521669
-0.241350154,-0.072928582,-0.057918549
-0.271725233,-0.056405862,-0.059603776
-0.292663834,-0.039671608,-0.060766829
-0.312610562,-0.023458187,-0.061878337
-0.331952729,-0.007747801,-0.062981405
-0.349818833,0.00783139,-0.063968242
-0.35859895,0.023417052,-0.064977162
-0.360190158,0.038488493,-0.066005434
-0.360890532,0.051909763,-0.067242488
-0.360642652,0.06453841,-0.068463159
-0.3592543,0.076444099,-0.069595246
-0.356904519,0.081473351,-0.070751997
-0.352179151,0.086080551,-0.071680775
-0.338967141,0.090751519,-0.072655151
-0.318183273,0.095417913,-0.072393833
-0.295216544,0.099730613,-0.071048746
-0.272542595,0.103452751,-0.065737875
-0.250265482,0.107060032,-0.060678161
-0.228523531,0.110496262,-0.055869551
-0.207557777,0.113858785,-0.051281564
-0.186520326,0.11603654,-0.046860325
-0.166154121,0.116756845,-0.042973165
-0.145074345,0.116822938,-0.040648625
-0.124899309,0.116954716,-0.038438256
-0.105678539,0.117105092,-0.036386707
-0.087224912,0.117321873,-0.034721797
-0.069719139,0.116766153,-0.033688568
-0.054784933,0.115930625,-0.03358422
-0.041353145,0.114772986,-0.033561753
-0.028384487,0.113328086,-0.03358131
-0.016502717,0.110603187,-0.033946131
-0.007164586,0.106344069,-0.034277559
-0.001341884,0.101921703,-0.034742519
0.001273271,0.097592205,-0.035647439
0.002194938,0.093226211,-0.036705488
0.001277462,0.087588986,-0.037739345
-0.000198761,0.080966799,-0.038373642
-0.00161146,0.074659386,-0.03896165
-0.002946244,0.068678904,-0.03950743
-0.004235426,0.06296388,-0.040063165
-0.005493171,0.057482171,-0.040649298
-0.005539205,0.05256499,-0.039367166
-0.004857741,0.049590028,-0.036763228
-0.004181768,0.047974399,-0.033355333
-0.003238845,0.046441993,-0.030113395
-0.002338533,0.045174304,-0.026832913
-0.001469022,0.044155486,-0.023294075
-0.000639708,0.043219031,-0.019439144
-0.000152258,0.042325978,-0.015728137
0.00064105,0.041493904,-0.012647868
0.001411651,0.040565418,-0.010086144
0.001928954,0.039479759,-0.007698058
0.001680123,0.038252196,-0.005407818
0.001269861,0.036940751,-0.003249503
0.000638662,0.035610763,-0.001217867
-4.25E-05,0.034266867,0.000553197
-0.00071879,0.032872397,0.002253768
-0.001026569,0.031455441,0.003473963
-0.001308034,0.029942991,0.004210584
-0.001560437,0.028495359,0.004713291
-0.001813302,0.026700928,0.004431185
-0.001680553,0.024953022,0.002896291
-0.001430275,0.02330659,0.001482926
-0.001027573,0.021741727,0.000109928
-0.000643346,0.020253118,-0.001200884
9.12E-05,0.018826767,-0.002485728
0.000880931,0.01747086,-0.003757551
0.001685401,0.01621143,-0.004869193
0.002533136,0.015003179,-0.005964965
0.003318458,0.013863886,-0.006949015
0.004077161,0.012800455,-0.007867622
0.004639721,0.011785034,-0.008757952
0.005124353,0.010826862,-0.009434216
0.00555735,0.009917788,-0.009383826
0.00487879,0.009438275,-0.008682616
0.004087137,0.008982822,-0.007914893
0.003328319,0.008550345,-0.007065173
0.00262829,0.008138866,-0.006097379
0.001957974,0.007748119,-0.004764288
0.001465712,0.007252089,-0.003308161
0.001430943,0.006777085,-0.001881361
0.001395579,0.006075663,-0.000278938
0.00136315,0.005307998,0.001292041
0.001332272,0.004565743,0.002781555
0.001302634,0.003864496,0.004183901
0.000155957,0.003199362,0.005512701
-0.001614758,0.002566613,0.00678096
-0.003927262,0.001710331,0.007741077
-0.006384221,0.000860805,0.008622641
-0.008672299,9.46E-05,0.009424757
-0.010953404,-0.000617061,0.010199839
-0.013032638,-0.001061653,0.01048139
-0.015018641,-0.001471748,0.010618458
-0.01626617,-0.001884827,0.01075488
-0.015766153,-0.002277068,0.010264823
-0.014782902,-0.002855709,0.009723291
-0.013144375,-0.003428189,0.009141447
-0.010615804,-0.003949859,0.008310751
-0.006746326,-0.005208096,0.006629047
-0.000410843,-0.006390034,0.004415036
0.012376592,-0.007545208,0.002105674
0.033554639,-0.008618464,-5.40E-05
0.063559361,-0.00967902,-0.002163713
0.093477921,-0.010682998,-0.004115194
0.123059265,-0.011640337,-0.005974028
0.154374319,-0.012308568,-0.006242303
0.186426854,-0.012140067,-0.006169185
0.221248576,-0.011237295,-0.005767365
0.253439105,-0.010293884,-0.005193083
0.285171538,-0.009387487,-0.004221766
0.315317349,-0.009366851,-0.000423995
0.342878268,-0.009336357,0.003096846
0.364267072,-0.009311578,0.006475134
0.376321321,-0.009294587,0.009736851
0.379813494,-0.011196668,0.015895658
0.380234323,-0.019131926,0.022230773
0.377026944,-0.03505412,0.028680335
0.365829133,-0.063050603,0.035555825
0.340616549,-0.097299408,0.041718967
0.296879744,-0.129295098,0.055799662
0.236355008,-0.159640908,0.069154351
0.161575413,-0.187437639,0.081388776
0.072030331,-0.21616439,0.09402894
-0.012301819,-0.241632321,0.105395384
-0.098134126,-0.262495786,0.108512193
-0.184437425,-0.279257742,0.102915963
-0.267656272,-0.292451191,0.095914845
-0.349549133,-0.302560081,0.086521832
-0.423981709,-0.29737599,0.077760869
-0.493434535,-0.272940525,0.069498662
-0.530836126,-0.248370271,0.06156476
-0.553578153,-0.221894908,0.053952585
-0.569774638,-0.195137903,0.052005851
-0.583286464,-0.169785923,0.066548095
-0.587659839,-0.14536643,0.08073159
-0.577906093,-0.12067154,0.092795383
-0.559730217,-0.097554377,0.103939104
-0.532552835,-0.074971403,0.115099998
-0.488460135,-0.035513835,0.137272424
-0.451917879,-0.015933601,0.138190622
-0.417456579,0.002294698,0.137542476
-0.385026092,0.017628535,0.135442214
-0.351378181,0.027623242,0.133581843
-0.317856648,0.028752564,0.131768182
-0.286362678,0.027057402,0.129938003
-0.256243036,0.022889416,0.12802259
-0.227757538,0.014100482,0.126165787
-0.199648988,0.004742237,0.12400435
-0.170110101,-0.004333317,0.121478204
-0.134919861,-0.013222951,0.118864792
-0.094445584,-0.023045932,0.113152496
-0.053551591,-0.03168653,0.104249016
-0.010765809,-0.038713229,0.093153808
0.037194554,-0.046076517,0.070617866
0.093951696,-0.05274016,0.049545486
0.163435349,-0.05299231,0.025337448
0.245680932,-0.04986687,0.001717145
0.323227138,-0.044404223,-0.020576998
0.396279271,-0.027267055,-0.041603955
0.467184884,-0.005394048,-0.061951906
0.538357464,0.016247173,-0.082224942
0.560442879,0.035743413,-0.096228187
0.540321937,0.054064775,-0.102720253
0.504419047,0.071573551,-0.108183241
0.468308978,0.087606852,-0.112256938
0.431226854,0.101679139,-0.114327762
0.393519447,0.115176477,-0.112431814
0.357762878,0.126661305,-0.10419414
0.315184133,0.137345958,-0.09162514
0.264629506,0.144616386,-0.079725003
0.209478702,0.148086614,-0.068374237
0.156585938,0.144980899,-0.057503256
0.106509615,0.134504852,-0.047206007
0.056928858,0.123283774,-0.039797104
0.011887609,0.11283307,-0.033469413
-0.02383941,0.102900354,-0.027453505
-0.051390188,0.093515664,-0.021790398
-0.075587108,0.084320738,-0.01612763
-0.096929879,0.076432001,-0.010960382
-0.116854869,0.069848372,-0.004171465
-0.131203838,0.065653432,0.00254747
-0.136629063,0.064578657,0.008907043
-0.135759522,0.066915112,0.014972053
-0.129530177,0.0703935,0.020692584
-0.122389789,0.074214355,0.025897763
-0.115286521,0.077546613,0.029655908
-0.108250732,0.0805652,0.029707011
-0.101288103,0.083471843,0.027223237
-0.094628667,0.085106913,0.023293547
-0.087478828,0.085215683,0.018115909
-0.080424871,0.084022971,0.012584734
-0.07141395,0.082588413,0.007223696
-0.061341472,0.080520796,0.002079915
-0.051677703,0.077809469,-0.003021905
-0.042213907,0.073840585,-0.008120598
-0.033784862,0.068513986,-0.012535851
-0.025739272,0.061635563,-0.016759335
-0.019898316,0.05462306,-0.020814014
-0.015426076,0.047990478,-0.024518789
-0.012270152,0.04159593,-0.02815217
-0.01287301,0.035625995,-0.028943269
-0.016348398,0.029857736,-0.027901633
-0.019294345,0.025855856,-0.025233345
-0.022088353,0.023209577,-0.021410853
-0.024732721,0.021343912,-0.01767325
-0.027088286,0.020072265,-0.014233928
-0.028230002,0.019469448,-0.010808805
-0.028274238,0.019482724,-0.006867015
-0.028047318,0.019862005,-0.003060475
-0.027268433,0.02022855,0.0005527
-0.026014441,0.020770203,0.0036734
-0.024456988,0.021234491,0.006188921
-0.022717131,0.021677676,0.008429384
-0.021067618,0.022088948,0.010005423
-0.019762824,0.022451628,0.011312739
-0.018518763,0.021511663,0.011389367
-0.017337579,0.020148278,0.011071506
-0.016215634,0.018853265,0.010769361
-0.015140859,0.017612936,0.010491123
-0.014831019,0.016440419,0.009937034
-0.014532381,0.015329328,0.008914114
-0.014245102,0.013924816,0.007662144
-0.013971722,0.012591206,0.006473625
-0.013729614,0.011298712,0.005312229
-0.013497165,0.010074395,0.003310833
-0.013264908,0.009281828,0.001453207
-0.01303814,0.008532885,-0.000288124
-0.012824334,0.00782033,-0.001948597
-0.012605888,0.007137309,-0.00356174
-0.012395192,0.006857144,-0.004819534
-0.012191578,0.008243433,-0.005338601
-0.012009661,0.009608263,-0.005852749
-0.011827085,0.010864316,-0.005400618
-0.011648291,0.012353926,-0.0046123
-0.011483857,0.014197006,-0.003806545
-0.011327131,0.016042356,-0.002430893
-0.011192684,0.017883843,-0.000784344
-0.010684757,0.019664898,0.000653659
-0.010199664,0.021127311,0.001950421
-0.009739224,0.022536482,0.003193151
-0.009300915,0.023926794,0.004349608
-0.008354418,0.025258488,0.005443116
-0.007456272,0.0265789,0.006446446
-0.006600125,0.028118773,0.007407332
-0.005769674,0.029683214,0.0083656
-0.005001704,0.031045036,0.009220314
-0.006220503,0.035150209,0.009316851
-0.007361904,0.042249622,0.007316548
-0.008409037,0.05059689,0.005455559
-0.009534529,0.064556332,0.003549521
-0.010528492,0.082651425,0.00181829
-0.00623662,0.105284586,-0.007502897
-0.002173964,0.126682145,-0.019147631
0.001652431,0.14677434,-0.030361457
0.005512273,0.167459624,-0.041750447
0.009030103,0.186051376,-0.052082118
0.009992148,0.202908472,-0.062349438
0.010853546,0.213411443,-0.071476457
0.009596033,0.223181904,-0.080119085
0.008064727,0.231937159,-0.081273711
0.004972595,0.239701396,-0.071103327
0.00199457,0.247177305,-0.045299224
0.001182764,0.252853217,-0.014190843
0.000369346,0.252234678,0.017071604
-0.000350216,0.238031431,0.044616577
-0.003151429,0.207804786,0.071031585
-0.005899973,0.156089844,0.095717647
-0.008855492,0.08404348,0.119744742
-0.011610236,-0.002992757,0.137246311
-0.0143539,-0.096597916,0.154669928
-0.016884434,-0.183380848,0.168185666
-0.019266171,-0.265196516,0.178958581
-0.012856508,-0.345262709,0.18820906
-0.000494983,-0.419018929,0.189043049
0.011392309,-0.48950343,0.166413979
0.022630932,-0.549636079,0.134861639
0.033586727,-0.562801516,0.099422081
0.042104338,-0.56763573,0.064862473
0.050032109,-0.556796575,0.032506612
0.056572062,-0.545854154,0.002076749
0.062886613,-0.528403078,-0.027155279
0.067425821,-0.506175519,-0.055095962
0.070503025,-0.48033126,-0.065608403
0.072475481,-0.448508825,-0.057117629
0.067728563,-0.415942921,-0.033851775
0.060651448,-0.385046575,-0.011832265
0.053896025,-0.353645216,0.009263409
0.046202426,-0.32300318,0.029156028
0.036801516,-0.289406552,0.048115429
0.027420742,-0.25531863,0.062499042
0.018724426,-0.22349553,0.069447809
0.010444878,-0.193216633,0.069926083
0.002838122,-0.155805402,0.068904887
-0.003122305,-0.112676595,0.067721672
-0.00870329,-0.065823144,0.065320938
-0.014037726,-0.010313885,0.060835475
-0.020756763,0.049827854,0.052324009
-0.02558965,0.11187523,0.044180105
-0.029907646,0.170459844,0.036474264
-0.032606006,0.225296856,0.029223808
-0.031526846,0.277907091,0.022291759
-0.028293019,0.326680809,0.015809606
-0.022184318,0.365025416,0.010293607
-0.015671904,0.390924632,0.005799421
-0.009630373,0.407939246,0.001636932
-0.003724606,0.418949032,-0.002439924
0.002338376,0.42422318,-0.00664621
0.007770928,0.41797035,-0.010401136
0.00884058,0.403167917,-0.014436186
0.009835415,0.384610873,-0.020264213
0.008315656,0.362291562,-0.0301715
0.006361154,0.341028368,-0.045796767
0.002329099,0.320850914,-0.065073529
-0.002891776,0.300441052,-0.086027136
-0.007699412,0.27984318,-0.105211286
-0.013549194,0.25582239,-0.124439507
-0.019625637,0.231292603,-0.14205201
-0.025358854,0.206270266,-0.158644832
-0.030822113,0.163709595,-0.165425564
-0.036198518,0.122384404,-0.158810641
-0.041198815,0.083639461,-0.145334775
-0.041349922,0.045776397,-0.128448369
-0.041425325,0.010844594,-0.111649771
-0.041496203,-0.019829565,-0.094854289
-0.041487556,-0.042301812,-0.079197132
-0.041584502,-0.058824408,-0.062497686
-0.04179656,-0.068597459,-0.046715622
-0.042814161,-0.073904529,-0.031891097
-0.044685477,-0.076658844,-0.017357629
-0.047296807,-0.077775002,-0.003961213
-0.050211208,-0.077925254,0.00794178
-0.052857496,-0.077881498,0.016029507
-0.055491065,-0.077920504,0.021430263
-0.058052797,-0.077239539,0.025686981
-0.05993265,-0.075021265,0.029169883
-0.061060722,-0.07127955,0.031890661
-0.059137286,-0.066225345,0.033369129
-0.054288509,-0.060405217,0.034354977
-0.049676823,-0.054869002,0.034343831
-0.045286678,-0.049597606,0.032872819
-0.041141439,-0.044623462,0.030121835
-0.037190116,-0.03979186,0.026215058
-0.034289748,-0.034567504,0.022112335
-0.031546647,-0.029642433,0.018209579
-0.028941248,-0.024965316,0.014495139
-0.026452957,-0.019807013,0.010472477
-0.024549822,-0.014865888,0.005851523
-0.023337857,-0.010233878,0.001437917
-0.022090358,-0.005787315,-0.003099706
-0.019908915,-0.001453866,-0.007994716
-0.01719482,0.001924463,-0.012310534
-0.013527837,0.003032194,-0.016805767
-0.01013037,0.003675756,-0.020811643
-0.00647891,0.004103216,-0.024569752
-0.002955026,0.004368064,-0.02822387
0.000427704,0.003988349,-0.031748747
0.003594432,0.002659542,-0.033205401
0.006560771,0.000907578,-0.03126407
0.003861012,-0.001091338,-0.029312853
0.000783458,-0.003625652,-0.027288087
-0.00216928,-0.006059333,-0.025137664
-0.005155353,-0.008442915,-0.022823428
-0.008714621,-0.010587788,-0.020267127
-0.012500823,-0.012640893,-0.01783011
-0.016129074,-0.014003354,-0.01550437
-0.019571426,-0.01515845,-0.012404357
-0.022441041,-0.01621206,-0.009469152
-0.024199904,-0.016987199,-0.006758422
-0.026204486,-0.017792424,-0.003924111
-0.027761757,-0.017187895,-0.001501054
-0.027777448,-0.016025499,0.000470461
-0.023522297,-0.014304902,0.002326693
-0.019436528,-0.010822172,0.00411856
-0.015551461,-0.007510167,0.005492678
-0.01184268,-0.004346674,0.006607697
-0.008248483,-0.001273961,0.006145234
-0.007064334,0.001427243,0.005498289
-0.006111583,0.003767056,0.004867767
-0.00546908,0.004343591,0.0038714
-0.004921135,0.004890758,0.001485297
-0.006162827,0.0056587,-0.001622675
-0.007617165,0.005410922,-0.003743402
-0.010375742,0.004440768,-0.005783065
-0.015047775,0.003308771,-0.007684503
-0.021228323,0.002216529,-0.009246765
-0.033302896,0.001165183,-0.010605918
-0.055784019,-0.002758793,-0.011911743
-0.089023877,-0.006797113,-0.010069567
-0.123936449,-0.011985473,-0.007598409
-0.159319088,-0.020756193,-0.003479473
-0.194808802,-0.034324194,0.00275906
-0.238998002,-0.049109457,0.01156141
-0.281936387,-0.066986322,0.020082564
-0.322305009,-0.090928573,0.028107562
-0.361078044,-0.121099911,0.035801408
-0.397566342,-0.153562687,0.043053189
-0.402877082,-0.185887262,0.050290962
-0.370939724,-0.214691562,0.056719882
-0.311829079,-0.242474756,0.062925739
-0.227521368,-0.276396283,0.070588344
-0.157886486,-0.300367142,0.080064316
-0.09318165,-0.318246067,0.097008528
-0.028360577,-0.33382881,0.117342809
0.035936157,-0.349423711,0.137293127
0.102733042,-0.363638851,0.156512276
0.177280495,-0.376997321,0.174802705
0.258262063,-0.387725234,0.192224701
0.361914075,-0.395180339,0.19760183
0.461520952,-0.3992882,0.200630358
0.555629771,-0.375638143,0.203450681
0.645053835,-0.333768034,0.206132256
0.733781058,-0.293247924,0.209093692
0.758592106,-0.250949387,0.213784296
0.732992497,-0.209568967,0.218548587
0.708301743,-0.171125425,0.222609522
0.682447412,-0.135499397,0.224132021
0.65298306,-0.103473635,0.225649076
0.616611317,-0.075386655,0.214545551
0.571995301,-0.04924615,0.202150198
0.529840259,-0.028945233,0.188269161
0.489644537,-0.01449777,0.174592934
0.448335341,-0.008278759,0.160738669
0.398135717,-0.010201154,0.147235187
0.344682268,-0.012030625,0.134586869
0.292827094,-0.015194845,0.119624732
0.242348968,-0.018432407,0.099166266
0.195634926,-0.023872724,0.0778598
0.149591902,-0.029385301,0.055916904
0.113515399,-0.034135949,0.033651771
0.080289821,-0.036689948,0.011801075
0.048744875,-0.039113255,-0.008942918
0.018544485,-0.041451383,-0.028820055
-0.009503538,-0.043573261,-0.047233099
-0.0364863,-0.04094531,-0.060743976
-0.062793094,-0.038445193,-0.073705231
-0.087332807,-0.036077353,-0.085761514
-0.111156467,-0.03381968,-0.097505555
-0.13385808,-0.031673778,-0.1086503
-0.165069884,-0.02833855,-0.117333417
-0.195149271,-0.025184219,-0.125468464
-0.226361648,-0.022196486,-0.133125179
-0.255180724,-0.019369439,-0.140308
-0.279873344,-0.016703504,-0.146287134
-0.294227207,-0.008647124,-0.152172313
-0.308963756,0.001223282,-0.156259531
-0.321124628,0.010010816,-0.157186558
-0.333788817,0.018715164,-0.157994406
-0.331713733,0.026871224,-0.158655395
-0.321742148,0.034625923,-0.159289402
-0.305874152,0.042131951,-0.160022647
-0.288758691,0.051116309,-0.160187317
-0.272230131,0.059789507,-0.158175068
-0.252327423,0.06812144,-0.152325034
-0.231803291,0.076125387,-0.143418005
-0.212849012,0.082944717,-0.133636955
-0.194487568,0.089935131,-0.12351005
-0.17611044,0.096494374,-0.113914745
-0.158291323,0.098676706,-0.104753437
-0.140802712,0.099176052,-0.096129494
-0.124306376,0.098775319,-0.087978428
-0.109221465,0.097533419,-0.08196874
-0.096053539,0.096052601,-0.076289126
-0.083476872,0.093046387,-0.070879719
-0.071496048,0.090198108,-0.065734014
-0.060064649,0.087503707,-0.060835414
-0.050417884,0.084945622,-0.056198655
-0.041320957,0.081952862,-0.051809939
-0.033072858,0.079122395,-0.047624734
-0.026967284,0.076419026,-0.043666943
-0.021709945,0.073844548,-0.040959125
-0.01765287,0.071375869,-0.038381427
-0.013849907,0.068825446,-0.035941751
-0.010059723,0.066352103,-0.03359244
-0.008182762,0.063834216,-0.031388347
-0.006411224,0.06139082,-0.029298876
-0.004730427,0.059064762,-0.027314706
-0.003502318,0.056850408,-0.025426342
-0.002368565,0.054569857,-0.023617001
-0.001326955,0.052189067,-0.022452071
-0.000328583,0.049826435,-0.021518274
0.000626282,0.047583634,-0.020632465
0.001539507,0.045454589,-0.019792183
0.00238245,0.043425475,-0.018988928
0.003220799,0.041507763,-0.018233443
0.003993918,0.039740975,-0.017511009
0.004540209,0.038061117,-0.016804251
0.005063399,0.036515066,-0.015980165
0.005556216,0.035160322,-0.015077003
0.006022946,0.033872403,-0.013972394
0.005747911,0.032573674,-0.012816126
0.00529287,0.031304133,-0.011712494
0.004671728,0.030089312,-0.010668334
0.003797249,0.028890522,-0.009647013
0.002587704,0.027458601,-0.008346487
0.001377687,0.026098235,-0.006861839
0.000109321,0.024747274,-0.005557785
-0.002390199,0.023421666,-0.004463302
-0.005598581,0.022160802,-0.003286926
-0.008661828,0.020882336,-0.002055069
-0.011547827,0.019669021,-0.000756155
-0.014341918,0.0185137,0.000546741
-0.016970352,0.017267489,0.001898544
-0.019303275,0.015849389,0.00335187
-0.020827072,0.014427506,0.004544071
-0.022327815,0.012935493,0.005709876
-0.023732201,0.011417624,0.006805708
-0.024759073,0.009653326,0.007773692
-0.02576616,0.007781597,0.008743557
-0.026568525,0.00567625,0.009246771
-0.027114628,0.003591183,0.009567549
-0.027117638,0.001369226,0.009207248
-0.025413627,-0.001105225,0.008273926
-0.019982567,-0.003737465,0.006979564
-0.007176067,-0.006282016,0.00478503
0.030119891,-0.00869256,-0.002091249
0.086973445,-0.011061063,-0.008814904
0.145375031,-0.01337384,-0.015355104
0.198904559,-0.013166708,-0.021351137
0.249117352,-0.01196902,-0.026976141
0.297299382,-0.010826913,-0.02821637
0.342837466,-0.009744018,-0.024940509
0.376178796,-0.008709419,-0.020252037
0.402097594,-0.007716022,-0.015731123
0.41433268,-0.013468782,-0.011235549
0.408467502,-0.037593948,-0.003507613
0.380074497,-0.062116231,0.009360936
0.333676957,-0.086718171,0.021885758
0.271288555,-0.112539549,0.034347846
0.202576891,-0.137346406,0.046128304
0.134836635,-0.159469589,0.05693401
0.063652355,-0.181035008,0.068198536
-0.009778143,-0.200994362,0.078647701
-0.089833087,-0.219469063,0.088358704
-0.188782568,-0.239129188,0.098791457
-0.276593139,-0.253108041,0.108470886
-0.363209458,-0.258464706,0.119296968
-0.442281455,-0.254301151,0.129647681
-0.517727481,-0.239374031,0.139642854
-0.589194218,-0.220648542,0.149515687
-0.640536364,-0.197080026,0.158936691
-0.673322336,-0.167637691,0.167898601
-0.68136014,-0.135325117,0.175119364
-0.667225525,-0.101057438,0.18132106
-0.632935781,-0.06863717,0.185855538
-0.584703073,-0.037580249,0.186096676
-0.532233868,-0.008207589,0.183864839
-0.482523496,0.019536245,0.180223112
-0.435068685,0.046165006,0.173741169
-0.389767926,0.070659074,0.164926778
-0.347250435,0.090127885,0.154424244
-0.310189744,0.104416698,0.143788032
-0.278513801,0.115048689,0.133472374
-0.249489794,0.123505278,0.122865446
-0.22462267,0.128781461,0.110641694
-0.200873151,0.129717725,0.097410707
-0.178209161,0.125456983,0.082885917
-0.156207713,0.114703615,0.068727323
-0.135949617,0.098169841,0.055768753
-0.114553916,0.081689372,0.0416336
-0.091500657,0.064978645,0.025106174
-0.067187491,0.049317209,0.009198706
-0.039363432,0.034292328,-0.006876
-0.006084999,0.014130625,-0.022416942
0.039698651,-0.004764225,-0.045901378
0.094584873,-0.022695,-0.068185438
0.146918533,-0.039790494,-0.089438166
0.198796908,-0.05672173,-0.110562392
0.24661903,-0.061825575,-0.129998401
0.293204082,-0.052393693,-0.146392833
0.332135252,-0.034074639,-0.158940971
0.364811437,-0.010616808,-0.169241768
0.379764359,0.011802391,-0.173589605
0.391171739,0.033611766,-0.174185943
0.399757769,0.054849025,-0.174385637
0.404139177,0.074347769,-0.173907223
0.405592322,0.093918298,-0.173920955
0.402617757,0.11103042,-0.16856031
0.400510059,0.128904135,-0.15744445
0.381746395,0.139663944,-0.14405499
0.348348577,0.143143368,-0.131463295
0.300232664,0.141373886,-0.119182597
0.254954221,0.132232517,-0.107596191
0.212172907,0.123564186,-0.096632465
0.171673318,0.115339041,-0.086012673
0.132987241,0.107510672,-0.075882922
0.104439983,0.100048257,-0.06618765
0.087371401,0.094563059,-0.057082944
0.072937319,0.091608785,-0.048840151
0.059090825,0.088873519,-0.04079292
0.046013954,0.086266594,-0.033173637
0.034816998,0.083793576,-0.0259245
0.024793591,0.081414211,-0.019128947
0.014865263,0.07880663,-0.014690184
0.005857069,0.074303006,-0.012628625
-0.001950884,0.068225359,-0.010610557
-0.008232599,0.062532184,-0.008740693
-0.014117576,0.057122457,-0.006963612
-0.019121081,0.051994101,-0.005281773
-0.023543219,0.047119343,-0.003676296
-0.027603961,0.0431508,-0.001659588
-0.029638797,0.040995294,0.000238371
-0.030271836,0.041162374,0.002094787
-0.030797321,0.041402717,0.003791332
-0.030968227,0.041646889,0.005415469
-0.030409371,0.041866252,0.005591212
-0.029628003,0.042021379,0.005650883
-0.028165888,0.042203789,0.004747328
-0.025733505,0.04135061,0.003239625
-0.023429392,0.039461654,0.001769128
-0.020938078,0.037166599,0.000369362
-0.017895516,0.034482944,-0.001154513
-0.015035257,0.031427038,-0.00364676
-0.012340749,0.02698448,-0.005984895
-0.009721433,0.022676064,-0.008283361
-0.007269187,0.018636428,-0.010420063
-0.006116759,0.014850636,-0.012404403
-0.005020133,0.011247549,-0.013077957
-0.003968079,0.009457679,-0.01198036
-0.002977625,0.009316882,-0.01050124
-0.00202233,0.010258514,-0.008945149
-0.000828879,0.011258467,-0.007154396
0.000259648,0.012145749,-0.005508837
0.001338344,0.012982012,-0.003951466
0.00272141,0.01371851,-0.002723412
0.004089287,0.014407414,-0.001552117
0.004978628,0.014923053,-0.000432763
0.005762949,0.014449093,0.000653159
0.006514014,0.014013749,0.002177076
0.007179498,0.013586903,0.003571847
0.007816991,0.013183492,0.004908366
0.008416809,0.012798645,0.006184831
0.008989622,0.013120519,0.007402059
0.009534146,0.013426639,0.008558967
0.010079061,0.013744185,0.009700455
0.010581281,0.014030901,0.010761136
0.011051328,0.014296444,0.010384564
0.011471432,0.013157805,0.008830715
0.011715288,0.010222555,0.006306454
0.010961741,0.0079755,0.004403564
0.009520318,0.005695678,0.002463102
0.00813938,0.003674661,0.000752101
0.006813045,0.001792635,-0.000838654
0.005060877,0.000936091,-0.001270147
0.002876116,0.000148388,-0.001662784
0.00073061,-0.000338572,-0.002052315
-0.001260486,-0.000698422,-0.002048726
-0.003132921,-0.000849324,-0.002044348
-0.004888322,-0.000627349,-0.002034299
-0.006152285,-0.000315989,-0.002030281
-0.007297812,-2.14E-05,-0.002052185
-0.007338494,-4.36E-05,-0.002319142
-0.006503885,-6.51E-05,-0.002664805
-0.005023289,-8.53E-05,-0.003017141
-0.003619561,-0.000266927,-0.003238529
-0.002291483,-0.00043862,-0.003447082
-0.001023332,-0.000440121,-0.003647299
0.000162839,-0.000441169,-0.003831507
0.001274301,-0.0004423,-0.003521463
0.002086167,0.000302703,-0.00322357
0.00261599,0.00098772,-0.002626321
0.002971698,0.001650683,-0.001926379
0.003287419,0.002262489,-0.001275809
0.003564747,0.002877045,-0.000631155
0.003706562,0.003366626,-0.000160279
0.003765782,0.003736517,-0.000107056
0.003574186,0.003863039,-6.73E-05
0.003392189,0.003981421,-2.98E-05
0.003026957,0.004095973,1.60E-05
0.002678781,0.004044077,5.97E-05
0.002348358,0.00392385,9.13E-05
0.002027962,0.003806122,6.15E-05
0.002019807,0.003257792,3.48E-05
0.00201563,0.002723171,-0.000105391
0.00210748,0.002221942,-0.000124235
0.002223349,0.00174106,-6.91E-05
0.002334685,0.001288871,-1.74E-05
0.002535203,0.000852047,3.27E-05
0.00263994,0.00042955,0.000147486
0.002717183,0.000629938,0.000647753
0.0027999,0.000892449,0.00156369
0.0028761,0.00126349,0.002423494
0.003086649,0.00162509,0.003260867
0.003279194,0.001959646,0.004036145
0.003174029,0.002288899,0.004798439
0.003046437,0.00247987,0.004807226
0.002909524,0.002646216,0.004657588
0.002698934,0.002479185,0.004303682
0.00179839,0.002320949,0.003917308
0.000922446,0.002169746,0.00348813
0.000102758,0.002026661,0.002963131
-0.000707068,0.001818174,0.002408181
-0.001442284,0.001542539,0.001870191
-0.002151527,0.00115517,0.000964013
-0.002031557,0.000787278,-0.000561671
-0.001887826,-0.000115141,-0.001992469
-0.001751118,-0.000975794,-0.003357398
-0.001621446,-0.001789298,-0.004647123
-0.001275756,-0.002558932,-0.00586696
-0.00044652,-0.003292822,-0.006118556
0.000342608,-0.003703769,-0.006358535
0.00111011,-0.003622323,-0.00659921
0.001096505,-0.003541949,-0.006811693
0.001367296,-0.003467871,-0.007025818
0.002092901,-0.003399455,-0.007239775
0.002756546,-0.003239414,-0.007424754
0.003405681,-0.002950128,-0.007613775
0.00355868,-0.002677471,-0.007783821
0.003342,-0.002161737,-0.007577402
0.002680632,-0.001681614,-0.005855608
0.002030901,0.00079378,-0.004161674
0.001779439,0.003065569,-0.002599216
0.001539543,0.005239299,-0.001105779
0.001313045,0.007282696,0.000300301
0.001100294,0.009186587,-0.000834378
0.003436078,0.008979941,-0.002646167
0.007989583,0.008789079,-0.00440735
0.012781778,0.008614734,-0.006131639
0.017426441,0.008453809,-0.007804204
