Found LSM9DS1,,,,
1,1,1,-81.0676516,80.89754341
1,1,1,-113.5530921,113.2784242
1,1,1,-126.5887896,126.2401371
1,1,1,-131.820019,131.434451
-35.28,271.32,-380.628136,-74.22934256,49.4020073
-35.28,421.036,-380.628136,-58.63495101,16.69806323
-35.28,426.6784768,-380.628136,-52.61444946,3.771471232
-35.28,426.6784768,-380.628136,-50.18359605,-1.333306067
-35.28,426.6784768,-380.628136,-49.16305414,-3.362112735
-26.2062304,426.6784768,-235.9722008,-56.3717972,-4.905321941
8.93339104,426.6784768,-120.3000439,-67.09674093,0.862275117
74.98002512,348.8264121,-45.52173276,-76.22016445,35.80809436
74.98002512,283.7893754,9.547765858,-85.47470702,72.84371275
74.98002512,232.779095,48.61122338,-95.04183238,103.0504274
74.98002512,147.5812858,91.38452873,-110.8140028,125.7720844
74.98002512,45.36845163,124.7031735,-140.0305887,139.930908
72.54098815,-93.16515291,160.9726235,34.33915552,149.677801
14.44086955,-218.5694485,204.4890777,94.09776872,165.7618941
14.44086955,-366.8109188,249.7472991,112.8982986,172.7028464
14.44086955,-552.7750261,249.7472991,114.7708907,175.6332584
14.44086955,-715.466948,249.7472991,112.5377485,176.9793329
14.44086955,-838.1549975,249.7472991,109.9776579,177.608794
15.83883263,-838.1549975,249.7472991,109.3484139,177.5848009
90.75245821,-838.1549975,80.80764392,102.2497503,150.5720733
104.045886,-838.1549975,21.69578305,96.74321205,121.4429961
131.0381269,-838.1549975,-257.7346925,83.05444592,64.60279826
131.0381269,-700.658854,-390.6313041,70.00543925,36.59704753
131.0381269,-631.6314113,-390.6313041,63.00910192,25.3482872
131.0381269,-357.444116,-390.6313041,50.52155468,20.91382987
131.0381269,-204.152158,-390.6313041,36.46381323,19.24319071
-134.407233,-41.91127674,-390.6313041,17.8487905,-3.93049247
-134.407233,88.09924662,-220.6307096,-6.403194847,-20.66889628
-134.407233,175.8117568,-79.35477478,-42.47720978,-44.30318061
-134.407233,175.8117568,21.14369083,-75.60234266,-77.53216187
-134.407233,178.0247409,91.61580349,-101.1258016,-106.0512405
-38.28813453,183.8975845,150.5401944,-118.6171971,-142.3266371
-38.28813453,183.8975845,198.6636152,-130.3425429,-158.8386892
-38.28813453,183.8975845,218.5274636,-136.6223881,-165.9825789
-38.28813453,178.0247409,218.5274636,-139.6745105,-168.817103
-38.28813453,165.1775681,218.5274636,-142.1088466,-169.9205224
-39.22689493,134.0564687,218.5274636,-146.4342971,-170.1565876
-45.40027052,134.0564687,218.5274636,-148.3460862,-169.2040249
-63.5450558,134.0564687,171.5191198,-145.2810261,-163.54293
-75.30045893,134.0564687,72.39332105,-129.916699,-145.7250663
-75.30045893,134.0564687,43.40178474,-117.4208826,-130.2788976
-75.30045893,156.9995912,24.22117723,-106.7481824,-116.9449436
-75.30045893,211.9275429,17.17878081,-99.87099939,-108.6848189
-75.30045893,288.2459774,8.002721259,-95.20549606,-101.3391833
3.59855595,393.7902026,7.79328705,-93.0342416,52.32887939
3.59855595,435.3839529,-1.233921677,-91.36973557,63.33053515
3.59855595,435.3839529,-1.840479381,-90.63942542,62.89063763
3.59855595,435.3839529,-57.20771114,-85.9369585,27.17488423
3.59855595,435.3839529,-57.20771114,-83.97817305,12.90711462
-6.920233242,435.3839529,-60.16631745,-82.88732395,1.084334525
-6.920233242,419.0451714,-67.45012619,-81.57871596,-3.314313917
-6.920233242,416.1599023,-100.0020091,-78.38818982,-4.027710345
-6.920233242,392.8777471,-114.7570231,-75.45283677,-4.02550489
-6.920233242,381.6213706,-100.0020091,-75.22561252,-4.260111886
-6.920233242,381.1406907,-76.04429627,-77.17310689,-4.946546482
-6.920233242,357.1420993,-67.45012619,-78.25112925,-5.441504464
-6.920233242,356.815739,-67.45012619,-78.62105328,-5.559146809
13.72688808,302.6360753,-76.04429627,-76.67172036,4.039486902
16.77759946,232.7872162,-110.7024874,-69.08249162,6.831558692
16.77759946,130.9962294,-110.7024874,-57.23065163,7.822184716
16.77759946,8.404467436,-110.7024874,-25.278066,8.146434274
16.77759946,-148.5326087,-110.7024874,21.99373146,8.255917957
16.77759946,-282.8622676,-110.7024874,50.01275755,8.338107774
16.77759946,-287.5357461,-110.7024874,61.33673648,8.455753001
16.77759946,-287.5357461,-110.7024874,65.79704678,8.576264639
16.77759946,-287.5357461,-110.7024874,67.54410772,8.673240115
-4.746397347,-287.5357461,-25.50062042,77.8530773,-2.780221515
-52.65633719,-287.5357461,4.96538846,85.63989298,-58.30258571
-58.76780941,-237.7236113,36.20526557,93.36730838,-96.31382671
-60.81822633,-182.3956813,66.76179841,103.3114946,-121.1782381
-67.72721175,-129.1504689,67.94138209,111.85306,-129.5914507
-78.25961449,-108.9294235,71.82973855,118.6364309,-131.4145665
-81.16249062,-101.6450536,82.10184775,124.6665565,-133.7855276
-78.25961449,-95.06821177,83.37348025,128.4965475,-135.6206606
-67.72721175,-77.81775281,91.03758518,135.0195789,-140.2897284
-58.76780941,-49.19442971,83.37348025,143.6717306,-143.0495216
-58.76780941,-15.58930244,82.10184775,159.046795,-143.9233788
-49.92410493,-15.58930244,82.10184775,165.2086777,-146.8569464
-12.27995532,-15.58930244,82.10184775,167.66467,-161.7060271
9.009056169,-15.58930244,69.35824911,167.4665661,38.82150961
9.009056169,-15.58930244,32.70769606,159.6706518,114.2441875
9.670103335,-24.83535474,-4.530459751,111.6279829,84.61180673
15.92418216,-24.83535474,-22.99863982,72.94086967,54.64294467
20.01354945,-24.83535474,-23.78601379,56.9122648,45.8656547
26.30817979,-24.83535474,-27.1423892,48.25124124,44.74890638
26.30817979,-24.83535474,-27.18683002,44.75875039,44.2556829
21.41302221,-5.956261353,-30.05498017,24.62799974,38.89805484
21.41302221,-1.6854809,-30.05498017,11.75702467,36.75855696
21.41302221,1.390695658,-27.1423892,2.901070124,37.59082036
21.41302221,2.805188506,-23.88208031,-2.907036513,40.11385502
21.41302221,4.755806333,-23.78601379,-7.996050383,41.20830058
-3.499651457,5.767709231,-23.78601379,-11.41957761,11.43288272
-23.17783771,8.029109422,-14.53580269,-21.94449728,-30.20185752
-23.17783771,8.029109422,-6.066069765,-40.55339584,-57.31899915
-23.17783771,10.35845606,-2.793077876,-61.17947561,-72.85313206
-23.17783771,10.35845606,-2.793077876,-69.4330886,-79.07202436
-23.17783771,10.35845606,-2.793077876,-72.74791488,-81.55705624
-9.84275911,10.35845606,-2.793077876,-74.08530873,-77.15012715
-0.734761271,10.35845606,-0.016687179,-83.6183855,-84.09956777
-0.356777776,5.811579855,-0.62051998,-83.82745106,-51.59994765
2.259104995,0.065969994,-2.793077876,-34.37235236,2.706141182
4.575209818,0.065969994,-3.240888932,-14.47516872,33.84420838
7.91079532,0.065969994,-3.87966736,-6.401715131,51.80000364
14.68478863,0.065969994,-3.87966736,-3.178180961,65.76726831
14.68478863,-0.030999851,-3.240888932,-0.980479194,72.77468502
14.68478863,-0.081176709,-0.62051998,4.032085494,81.61981655
14.68478863,-0.030999851,-0.453247075,3.910421562,85.57608995
14.68478863,-0.030999851,-0.453247075,3.860991757,87.17128818
2.351122513,-0.081176709,0.06725573,79.27779847,89.84938741
1.250142675,-0.141802298,4.757796221,138.6387261,135.0910012
1.250142675,-0.841463476,8.490752383,160.0113831,156.9733025
1.250142675,-0.841463476,8.951688038,168.7413527,165.9610145
1.250142675,-0.841463476,10.30069062,172.6612316,170.1730973
-4.801074816,-0.141802298,12.31688768,176.6340542,-27.20198142
-4.801074816,1.557525417,12.33367957,-33.06256861,-106.1507541
-4.801074816,2.753109725,13.67107845,-114.4258753,-138.8697978
-4.801074816,4.715818376,13.67107845,-142.377168,-151.9463552
-2.421471439,4.715818376,13.67107845,-153.5491104,-162.7643559
-2.421471439,4.715818376,13.67107845,-158.0146097,-167.105711
-2.421471439,4.715818376,13.67107845,-159.7997861,-168.8678083
-2.421471439,2.753109725,12.05000355,-164.2173572,-168.802054
-4.484656418,1.054257805,3.986258149,-164.8268958,-146.5670854
-4.484656418,-1.170108572,-3.365662198,-54.46436063,-90.54195952
-4.484656418,-1.170108572,-3.365662198,-10.32164435,-68.10701807
-4.484656418,-1.170108572,-3.365662198,7.338656675,-59.12231088
-2.421471439,-1.170108572,-5.341677108,10.32926816,-38.29556503
-1.057411368,-1.170108572,-7.438865896,9.484210035,-20.2031829
-1.057411368,-3.118206098,-10.55901691,13.66147715,-11.55705978
-1.057411368,-3.118206098,-10.55901691,15.32746362,-8.112017268
-1.057411368,-3.118206098,-10.55901691,15.98246512,-6.733028551
-1.057411368,-3.118206098,-12.13488978,15.00881661,-5.729918549
-1.057411368,-8.521601608,-16.45178549,22.3930286,-4.527312273
-1.057411368,-16.41582654,-16.45178549,35.87928588,-4.040216834
-1.057411368,-16.75104204,-16.45178549,41.61867548,-3.845122011
-3.639371238,-16.75104204,-16.45178549,43.91404425,-9.046132976
-3.639371238,-16.75104204,-16.45178549,44.82661657,-11.12373053
-3.639371238,-16.75104204,-15.63325956,46.05736006,-12.32919893
-3.639371238,-16.41582654,-14.25348752,47.77475333,-13.5389492
-3.639371238,-13.7782379,-11.40356476,49.26901495,-16.05091434
-1.340203634,-5.687595025,-4.918169434,49.12375255,-15.58810675
1.971455899,6.232986387,5.115876937,-58.0458189,89.08700416
7.751810329,17.77167221,13.47627118,-99.58643553,125.6476807
8.195251748,25.2453196,20.13048422,-117.0363888,144.9228353
8.377701605,27.18105893,24.64162205,-126.1910132,154.6562446
9.565778195,27.51666819,24.64162205,-129.6448023,157.0810393
10.76750018,28.06115982,24.64162205,-130.6883358,156.6194763
10.76750018,28.15481314,24.64162205,-131.040783,156.4332275
9.352440539,28.15481314,24.64162205,-131.1684007,158.049454
8.377701605,28.06115982,23.91081747,-130.754098,159.5815965
8.377701605,27.51666819,21.01458145,-128.7470754,158.7398521
8.195251748,27.18105893,20.07641255,-127.3996705,158.1241274
2.8742601,24.93724705,13.6332121,-122.1986342,164.0670442
-5.791486897,15.93624243,3.971082465,-111.3176967,-9.075751842
-8.223235929,2.683471401,-7.003541879,-57.14491801,-33.41585992
-8.223235929,-6.981567091,-15.29947804,-8.169773393,-30.3695534
-8.223235929,-9.345955815,-16.93245908,14.05619742,-27.76202545
-9.509123358,-9.644709,-17.79228916,22.69157087,-28.06635797
-10.52053437,-10.30517969,-21.31070921,24.54964738,-27.0712859
-10.52053437,-11.03073578,-21.65656001,25.98453737,-26.4361212
-11.4563749,-11.03073578,-21.65656001,26.53464365,-27.32929852
-13.63782022,-11.03073578,-21.65656001,26.64988518,-30.25135177
-13.63782022,-11.03073578,-21.65656001,26.76544946,-31.40267806
-13.63782022,-11.03073578,-21.65656001,26.81201038,-31.86143942
-13.63782022,8.055640112,-13.76309103,-7.563725646,-39.58347809
-13.63782022,28.67232327,0.180421332,-57.32107792,-70.30413666
-5.494534105,56.2906514,0.180421332,-77.12291505,-83.27571348
18.78276311,79.33547105,0.180421332,-85.02886501,20.99352243
42.68529636,98.81403877,0.180421332,-88.18507027,62.53281418
42.68529636,122.5773526,0.180421332,-89.4454333,79.17357251
42.68529636,143.0486621,-2.139037352,-89.37673201,83.99140398
42.68529636,180.9607726,-2.529917066,-89.39911842,85.65536147
42.68529636,205.9685663,-2.529917066,-89.48484006,86.356697
46.06641079,226.1956117,-2.529917066,-89.57815456,86.80993894
46.06641079,226.7775897,-2.529917066,-89.59735821,86.97059236
46.06641079,226.7775897,-2.139037352,-89.6032868,87.25382267
46.06641079,226.7775897,4.991024242,-90.59778799,92.59643512
46.19426151,226.7775897,24.35089668,-93.78177986,107.625541
46.19426151,226.7775897,41.03993551,-97.42725763,121.7873628
46.19426151,222.1135117,41.03993551,-98.9166882,127.4882916
46.19426151,204.8443315,41.03993551,-99.99686319,129.823285
46.19426151,201.849956,51.0165146,-102.1550409,134.561042
40.20074148,175.2503236,51.0165146,-104.2750614,138.8961233
14.85152609,110.0084391,56.2285971,-111.7060806,154.7992115
-10.47655091,5.565834966,56.2285971,-149.0901647,-39.53802321
-25.68661773,-99.44795898,56.2285971,12.26476076,-108.7146146
-36.60213918,-184.5399974,56.2285971,69.3669433,-131.12852
-40.97732751,-287.7338538,70.92283736,90.520278,-141.8681599
-40.97732751,-361.787211,143.8385222,103.9043589,-154.6266142
-36.60213918,-424.7951558,266.4024872,115.6143985,-164.5689837
-25.68661773,-470.8430739,266.4024872,118.7904759,-170.0153929
-24.43941719,-552.6820306,266.4024872,117.9543435,-172.4510508
-24.43941719,-637.2125487,266.4024872,115.5319264,-173.4661866
-8.154115811,-637.2125487,266.4024872,114.9474261,-175.9034317
53.74528716,-637.2125487,221.0009586,112.5585205,29.99391994
100.3081515,-637.2125487,154.0242304,107.9394403,100.8087488
144.1921947,-637.2125487,-112.6689031,91.63149774,72.0864083
166.9075764,-579.2362932,-350.8797508,72.0505646,44.38875993
166.9075764,-486.9701417,-350.8797508,61.27507766,33.0030928
144.1921947,-347.7819411,-350.8797508,51.15117201,26.30331034
100.3081515,-139.7890639,-350.8797508,33.20704165,19.64806217
100.3081515,56.18263218,-350.8797508,7.485727488,16.92737929
88.49701911,164.5088287,-311.6933532,-14.0937917,15.76777736
-111.9097108,256.9047718,-137.5903519,-43.14066589,-17.63031577
-125.0305453,327.0424952,13.64375094,-73.06910555,-65.14418901
-125.0305453,327.0424952,122.004824,-95.88412606,-106.9200743
-125.0305453,327.0424952,147.5909867,-107.3205501,-126.8805975
-125.0305453,327.0424952,147.5909867,-111.9774225,-134.9052765
-125.0305453,327.0424952,147.5909867,-113.806878,-138.1652548
-43.09484784,279.4484329,147.5909867,-116.6913711,-153.8786602
21.97240658,207.2472902,147.5909867,-122.4070637,41.01575107
21.97240658,152.3331354,73.67271215,-118.8842699,114.12519
21.97240658,126.65681,40.86691464,-112.6609288,136.3861635
21.97240658,125.7220615,36.86631139,-109.2142886,143.7845721
21.97240658,114.9092142,36.02366571,-108.4971607,146.4212651
3.284194568,114.9092142,16.43704943,-102.6862092,159.5088667
-3.558957823,114.9092142,-8.67593989,-92.85553859,50.1469749
-14.96600689,125.7220615,-29.10228262,-83.68725927,3.497900943
-32.24104667,126.65681,-40.62907265,-77.19148524,-21.81752427
-40.94763778,182.7832087,-40.62907265,-77.76238342,-35.95775086
-52.85068951,182.7832087,-40.62907265,-77.95710973,-45.97121195
-52.85068951,182.7832087,-40.62907265,-78.02172262,-50.09354352
-52.85068951,185.4898438,-40.62907265,-78.09796269,-51.84312939
-52.85068951,186.0089471,-7.882379544,-84.0027693,-70.00591327
-52.85068951,193.8771966,-6.709555025,-86.55744805,-77.91245086
-16.85257181,193.8771966,-6.709555025,-87.55552661,-72.38492985
-14.04419267,186.0089471,-6.709555025,-87.90422584,-67.83564825
-12.29937031,182.7832087,-6.709555025,-88.032843,-64.14631287
-6.170620482,162.1857899,-6.709555025,-87.93664945,-51.38598226
1.275831698,162.1857899,-16.03168401,-85.91313911,-18.03324982
1.275831698,154.9857973,-17.96256826,-84.49513964,-5.039715698
1.275831698,126.6424997,-21.63813742,-82.02888575,-0.29976279
-6.170620482,126.6424997,-21.63813742,-81.01249423,-9.982542804
-12.29937031,126.6424997,-21.63813742,-80.58500257,-21.97348178
-12.29937031,126.6424997,-21.63813742,-80.39051529,-26.66956064
-12.29937031,126.6424997,-17.96256826,-81.28648828,-31.30274023
-63.7297496,131.0336899,-17.50410794,-81.91789775,-57.19902613
-84.26882441,134.8811741,-17.50410794,-82.28477974,-69.64039795
-84.26882441,134.8811741,-17.50410794,-82.42354072,-74.63967528
-84.26882441,134.8811741,-17.50410794,-82.46250249,-76.74387707
-84.26882441,134.8811741,-17.50410794,-82.46626644,-77.69241533
-84.26882441,134.8811741,-47.57271986,-75.27119811,-67.52585623
38.26586625,91.97073496,-71.92541009,-61.26728582,-10.35565134
125.8517961,52.55186234,-71.92541009,-46.20272141,31.87413986
125.8517961,18.20971236,-71.92541009,-27.01672036,48.84758982
125.8517961,-81.05498214,-71.92541009,18.23092625,55.75955646
125.8517961,-83.57663122,-71.92541009,36.85133101,58.58578758
125.8517961,-88.55915612,-27.75843486,58.28268228,70.09158406
27.09143149,-97.00652808,-27.75843486,67.71178154,54.66740325
-0.667746775,-118.7263014,-27.75843486,73.1723943,20.97917186
-1.081045993,-133.20145,-16.21483521,79.08257582,5.99101732
-23.49291622,-133.20145,-16.12964867,81.44642275,-31.03602494
-37.51889341,-133.20145,5.705620836,87.98504559,-71.6844857
-37.52490615,-133.20145,5.705620836,90.58282004,-87.88904228
-49.79296266,-133.20145,5.705620836,91.60168909,-93.04795157
-74.36833867,-116.8592138,23.48277885,97.35171668,-101.6629372
-74.36833867,-96.76072172,65.30206495,113.2477095,-119.3451426
-74.36833867,-67.18806842,75.10392599,128.2058753,-128.8333211
-74.36833867,-40.54498582,75.10392599,142.2243623,-132.6689714
-74.36833867,-30.72581306,75.10392599,151.5357302,-134.2686255
-51.94009872,-30.72581306,75.10392599,155.2745622,-140.9862612
-6.5604985,-30.72581306,75.10392599,156.7527299,-161.476655
10.67252063,-30.72581306,47.51171416,150.930091,35.77792114
10.67252063,-27.28949284,18.1815795,134.5101118,104.0764567
10.67252063,-22.61801887,11.89286053,124.3710017,124.5323299
24.13745415,-22.61801887,8.0181979,115.4124763,114.8871448
34.00619341,-22.61801887,4.813075566,107.3646116,104.8034939
39.35759144,-22.61801887,0.501897009,97.72764424,96.32222184
37.86909116,-22.61801887,-3.318866604,88.10947996,89.4437337
24.13745415,-22.61801887,-8.870789973,76.40417903,77.5780678
10.67252063,-22.61801887,-22.81800318,57.39160328,46.00428535
6.988820495,-15.32903582,-29.08709019,39.58360882,26.47842787
6.988820495,-10.14352688,-29.08709019,27.31339599,18.69174133
6.988820495,-10.14352688,-29.08709019,22.40522853,15.59384717
-20.72066068,-10.14352688,-29.08709019,20.44493526,-15.03163199
-20.72066068,-10.14352688,-29.08709019,19.66352172,-27.29775777
-20.72066068,-2.797875736,-17.30040869,13.34044392,-41.03216955
-20.72066068,9.240956587,-8.873953413,-22.38397625,-56.55012682
-20.72066068,15.98835137,-6.789967789,-49.16782008,-65.78309311
-9.39780949,18.73618097,-6.219897692,-62.67192926,-60.25807249
-4.297103128,18.73618097,4.285919472,-86.82367341,-105.0957195
-2.277779079,18.73618097,4.285919472,-96.49014338,-133.2807775
2.51426268,18.73618097,4.424868394,-100.6074561,36.89524534
3.205525149,18.73618097,5.430844053,-103.9856136,104.4090384
4.050433147,7.904731354,6.504052344,-119.3082971,130.5930679
7.910346404,1.576063014,7.320034445,-148.4711162,131.8693908
8.582268404,1.576063014,7.76127066,-160.5307032,131.9814196
8.582268404,1.576063014,7.76127066,-165.3468288,132.0307973
8.582268404,1.286954751,7.940173202,-168.6346088,132.4490585
8.582268404,1.286954751,11.51477911,-171.6429729,138.9406415
8.582268404,-0.09344184,11.51477911,39.05162264,141.5348095
8.234164028,-0.09344184,11.51477911,123.3277466,143.2459493
5.747372232,-0.09344184,11.51477911,157.0391536,149.3523767
4.712093172,-0.09344184,11.51477911,170.5295738,154.3483635
3.25250477,-2.604731409,9.020901652,166.5413064,157.799573
2.93409539,-5.109538557,7.4809478,154.001666,158.2237737
2.93409539,-5.633481345,2.296453446,128.8772553,140.0647029
2.93409539,-7.781719967,0.403391404,107.2901735,114.6660929
-2.105640137,-7.781719967,-4.478825726,78.91226994,30.7000895
-5.764491071,-7.781719967,-4.478825726,67.557052,-19.0707728
-8.286958667,-7.781719967,-4.478825726,63.02185423,-44.63459025
-8.286958667,-7.781719967,-4.478825726,61.22162126,-54.84904352
-8.286958667,-3.893827214,-4.478825726,49.06624866,-58.93104213
-8.286958667,4.646347008,1.602350383,-45.80939479,-84.16511223
-7.097025382,4.646347008,1.602350383,-83.75668765,-95.33881988
-5.764491071,4.646347008,1.602350383,-98.9329122,-101.5213515
-2.022309789,4.646347008,1.602350383,-105.0064832,-117.7166662
-2.022309789,4.646347008,1.602350383,-107.4380235,-124.1879563
-2.022309789,0.902613581,-0.180661339,-90.2042539,-100.6526993
-2.022309789,-0.233283645,-1.73707133,-31.51220565,-69.89047799
-2.022309789,-1.489632512,-2.462314967,6.079553972,-51.60954387
0.911747934,-1.802366443,-3.756639073,17.78964821,-12.47214346
7.074882517,-2.158381423,-8.351439498,15.78466024,19.14933271
7.074882517,-2.740250195,-8.351439498,17.17575584,31.79448421
7.074882517,-2.740250195,-8.351439498,17.71963138,36.8488893
4.947382405,-2.740250195,-3.756639073,28.70371757,46.38654551
4.947382405,-2.158381423,-3.403424635,30.87135388,51.82086593
4.947382405,-2.158381423,-3.403424635,31.74657749,53.99573524
4.947382405,4.531584867,-4.293401283,-15.2576313,51.00382365
4.947382405,4.531584867,-4.536497239,-33.11230232,48.86027951
2.837517704,4.531584867,-4.536497239,-40.25215605,38.72211926
1.451014565,4.531584867,-4.536497239,-43.11640984,26.0887629
0.928418324,4.531584867,-4.536497239,-44.30603121,17.30861831
0.498837319,0.913590349,-4.293401283,-24.98270984,10.8599654
-0.543268921,-1.778782818,-4.293401283,3.456277211,-0.016072138
-3.995761271,-1.778782818,-4.293401283,14.83696098,-25.80265118
-4.954395811,-1.778782818,-4.293401283,19.39608093,-39.80094128
-4.954395811,-1.778782818,-0.662343121,49.47213041,-65.37597891
-4.954395811,-1.778782818,6.243476209,118.2173841,-111.1211765
-4.954395811,1.930357336,12.14915914,-55.3251609,-139.1772777
-4.954395811,1.930357336,12.14915914,-124.7464808,-150.3996343
-2.840933377,4.475605636,12.14915914,-145.7992995,-160.2960717
4.998920407,6.805765898,13.98047681,-150.7843422,32.0505264
4.998920407,6.825848998,15.06203452,-153.7239312,109.7843197
4.998920407,7.896849326,15.06203452,-152.9152655,140.8805244
6.50763285,7.896849326,13.98047681,-151.5099701,149.3554982
6.50763285,6.805765898,12.14915914,-151.0678073,150.8096965
6.885524064,7.865088073,11.49209177,-147.8126984,149.7365977
6.885524064,7.896849326,11.04210662,-145.7981574,148.6963519
6.122368564,10.34553046,6.775666392,-132.2627452,142.1888427
5.732878727,11.19731797,0.6239855,-108.823627,114.5796906
5.732878727,12.02614976,0.097243583,-97.81176673,100.4171184
5.732878727,16.40716175,-2.719363227,-87.48978635,78.98149986
5.732878727,28.10597329,-3.366686295,-84.92715503,67.46137263
5.732878727,38.88675734,-9.958766093,-79.50142222,45.12726494
5.732878727,58.90827576,-30.29238768,-69.60940596,24.66525899
5.732878727,89.08832041,-53.39742222,-63.48183994,13.68004281
5.732878727,143.9933407,-77.11944073,-62.69440243,8.115520103
30.10190981,216.1342484,-77.11944073,-67.49038403,16.1439403
45.11370317,268.5801128,-77.11944073,-71.55015342,24.76769282
45.11370317,268.5801128,-77.11944073,-73.13321925,28.19824723
45.11370317,268.5801128,-77.11944073,-73.71508071,29.53179814
45.11370317,268.5801128,-25.74439669,-80.22617093,47.98150425
45.11370317,268.5801128,14.04244941,-87.86740738,83.49052417
2.841692308,192.2877599,45.58783084,-97.09757323,139.1436405
-6.013555332,123.7304406,45.58783084,-104.9209796,-47.98228601
-8.731132701,64.12871354,45.58783084,-117.1674144,-120.8818386
-21.47264347,1.440542567,45.58783084,-153.7312105,-141.4447747
-21.47264347,-35.98135435,46.97882344,24.10819356,-150.0636033
-21.47264347,-83.22078853,67.64635134,87.20407162,-157.6318785
-30.66477927,-86.68858196,70.26786926,112.4244019,-156.8551771
-32.54539491,-93.35485626,70.26786926,121.3002692,-155.6062517
-32.54539491,-101.4861169,70.26786926,123.5537948,-154.9847486
-21.47264347,-122.6827476,96.65056797,126.6858695,-162.1472423
-5.832471589,-148.5034027,144.532612,131.6018203,-171.2352942
-5.832471589,-162.5276696,144.532612,132.0446363,-174.9658707
-5.832471589,-300.1145413,144.532612,122.5818657,-176.479054
-28.43154468,-376.2072825,148.5358053,116.379704,-171.9394423
-28.43154468,-472.7813599,148.5358053,111.0279979,-170.0923742
-28.43154468,-472.7813599,148.5358053,109.1729609,-169.2639211
-28.43154468,-472.7813599,148.5358053,108.6747107,-168.790094
-56.24478352,-472.7813599,144.532612,108.2789554,-162.1722094
-56.24478352,-472.7813599,136.2859691,107.7576938,-158.7555535
-56.24478352,-447.7365048,119.5233161,106.9224677,-155.7895206
-56.24478352,-347.9870402,70.59661392,104.3984941,-146.7402895
-10.84503493,-276.0228993,59.85619726,103.6216097,-160.2601495
12.69219817,-241.0604371,-120.8962086,79.79496485,-60.38684288
26.165561,-208.6489505,-276.104674,54.28692683,-20.8613102
26.165561,-203.5982521,-276.104674,43.50379578,-5.114243936
26.165561,-158.2851685,-276.104674,35.13070488,1.106628079
26.165561,-97.01945318,-276.104674,25.44321699,3.521102805
26.165561,-11.48551836,-276.104674,11.34973257,4.449684559
26.165561,76.21699646,-188.1417415,-8.967357148,6.285736834
26.165561,175.5860131,-71.64338367,-44.55833522,14.28798019
20.49403445,218.0314951,37.68313266,-77.98647708,96.32127253
5.293493942,218.0314951,108.1982936,-101.2839636,144.5668058
3.954282208,218.0314951,108.1982936,-110.5668461,164.2691733
3.954282208,218.0314951,108.1982936,-114.2155076,172.1230129
3.954282208,218.0314951,108.1982936,-115.6874013,175.232888
1.818017389,193.9876831,108.1982936,-117.967216,177.1438766
-12.12238691,118.89076,87.82114699,-123.2760721,-32.80689785
-15.11821986,-12.31683883,40.05546551,48.19003437,-109.0613731
-18.51695327,-62.49660846,24.70722343,85.9341138,-129.7827955
-37.06517489,-62.49660846,15.11547695,96.10157045,-119.4170326
-37.21258924,-62.49660846,15.11547695,100.1787071,-115.2082528
-37.21258924,-62.49660846,15.11547695,101.8199781,-113.5868327
-37.21258924,-62.49660846,14.45609495,102.144869,-112.5066222
-37.21258924,-14.37999266,14.23614463,121.2904817,-111.9800113
-37.21258924,22.95458509,14.23614463,-24.96375911,-111.8114103
-37.21258924,30.84055754,15.11547695,-80.10483243,-112.4916705
-37.21258924,49.77179906,20.68482781,-99.99527247,-116.6795964
-37.21258924,115.0303046,25.62298822,-101.7836255,-121.526617
-24.08190578,175.6752404,25.62298822,-99.92637788,-130.8114999
20.03828854,249.2250846,20.68482781,-97.01264802,28.98931693
23.57310394,249.2250846,14.23614463,-94.92444852,83.92625359
-24.08190578,250.2032948,8.88000658,-93.28955801,-32.91235599
-43.04145895,283.0345452,-10.93894306,-90.01184311,-58.86800818
-44.90713772,327.0204631,-29.10861762,-86.93843587,-57.93438523
-44.90713772,327.0204631,-41.0693169,-84.44872741,-51.79380125
-24.08190578,286.731612,-48.47974845,-82.03183053,-36.59846299
-22.70929375,283.0345452,-55.59208981,-80.18825207,-27.96716203
7.466039704,259.7625011,-83.56409735,-75.38703457,-8.283321378
7.466039704,259.7625011,-118.2627069,-69.40686314,-1.392610065
7.466039704,259.7625011,-122.2242474,-66.47544177,1.189703784
20.85300611,257.0239744,-123.6446488,-64.97910916,5.871836507
20.85300611,241.8309163,-126.8611848,-63.29855846,7.661648335
20.85300611,229.3901219,-126.8611848,-61.87965642,8.497001102
20.85300611,217.3581736,-126.8611848,-60.60255451,8.967698628
20.85300611,154.0217745,-122.2242474,-55.24512003,9.486337217
-32.07193281,77.57787395,-122.2242474,-41.63066541,-4.882783652
-32.07193281,0.602090838,-97.31426274,-16.95178749,-12.75116933
-32.07193281,-51.95998897,-58.15387941,18.22291528,-22.33592773
-32.07193281,-159.9208638,-9.248052884,59.26972985,-53.25954907
-32.07193281,-172.0739276,8.762160604,79.42869407,-84.51187268
-5.658762182,-193.2093431,21.714991,89.57086315,-133.1246893
-5.658762182,-193.2093431,33.78938084,95.6998434,-155.6306077
-5.658762182,-193.2093431,38.17808963,98.86483218,-165.2418182
-5.658762182,-193.2093431,38.42012859,100.1425175,-169.0707866
-5.658762182,-193.2093431,40.68589888,101.0467616,-170.8333523
-35.74261228,-188.922732,61.21506252,105.0787693,-158.0840495
-38.44950073,-145.1571755,87.62478363,114.6373877,-156.9375132
-38.44950073,-88.35678072,87.62478363,126.698899,-156.5269972
-38.44950073,-35.69780122,87.62478363,145.3984392,-156.4438062
-38.44950073,-35.69780122,87.62478363,152.8818575,-156.4925919
-41.13800677,-35.69780122,87.62478363,155.8684118,-155.6531292
-41.13800677,-35.69780122,69.480607,154.0363625,-152.0131256
-41.13800677,-28.09850235,17.13481983,134.4479734,-128.4524548
-38.44950073,-26.27091551,3.559306084,112.4222491,-108.5834066
-21.64826297,-28.09850235,1.591581449,100.9373998,-99.94397292
-6.8257115,-32.2470245,-0.772579857,93.57755432,-90.06733113
-6.8257115,-36.50739596,-8.586589156,83.50953693,-59.08526745
-6.8257115,-40.99471663,-12.02585267,77.60144934,-41.37944741
7.647878793,-40.99471663,-12.19919023,75.09212899,2.658011513
27.03250003,-36.50739596,-32.26207268,59.14556186,24.96676477
27.03250003,-33.64848452,-32.26207268,51.36116747,33.88666287
27.03250003,-33.64848452,-32.26207268,48.23991042,37.48095336
27.03250003,-33.64848452,-32.26207268,46.97858601,38.9452433
27.03250003,-33.64848452,-32.26207268,46.46998039,39.63053763
-15.1440524,-17.41925029,-17.45352329,45.51177235,-8.704504078
-15.1440524,-2.35266188,0.715765162,82.3204642,-59.09585963
-15.1440524,7.337624678,0.715765162,-24.44808153,-79.26998817
-15.1440524,10.54220124,0.715765162,-66.13631646,-87.35169527
-15.1440524,10.54220124,0.715765162,-82.80970682,-90.58740569
-0.544062444,10.54220124,0.715765162,-89.48413998,-121.9118519
1.674422914,10.54220124,0.231743264,-90.58727079,9.946122462
1.674422914,10.54220124,0.231743264,-91.03427484,62.69762462
1.674422914,10.00190725,0.231743264,-91.2578288,83.80692082
1.674422914,10.00190725,0.231743264,-91.34039,92.25590387
3.707803865,10.00190725,0.231743264,-91.36026271,93.05350917
3.707803865,6.544948343,0.626667168,-93.85061663,96.97070402
3.707803865,6.343757775,3.261190312,-107.8936959,117.5753152
3.707803865,4.488042516,3.261190312,-118.7985637,125.8179882
5.84777956,4.488042516,3.261190312,-123.1698344,121.8043546
8.96574255,2.376347115,3.261190312,-135.6725858,114.7001858
8.96574255,0.352796365,8.518833786,-160.8967926,125.9906978
8.96574255,0.352796365,8.518833786,-170.9808665,130.5106824
9.200404624,0.352796365,8.518833786,-175.0051388,131.8699852
9.200404624,0.352796365,8.518833786,-176.6118908,132.4133517
9.200404624,0.352796365,8.883990211,-177.3157666,133.3448893
9.200404624,1.570580681,9.676826355,-173.4304844,135.1831485
9.200404624,1.893580411,9.71224987,-170.789731,135.9812057
9.200404624,1.893580411,9.71224987,-169.7381677,136.309861
10.38521205,1.917785976,9.71224987,-169.2377006,134.3698313
13.39005225,2.023310071,9.71224987,-168.6773425,129.3263135
13.39005225,2.77505862,9.676826355,-165.9033831,127.2564081
13.87933563,4.322010649,7.844861525,-157.0736583,122.5984538
13.87933563,4.339864587,7.242620299,-152.2866898,119.5719037
13.87933563,4.339864587,5.988909206,-147.3761805,115.8204438
13.87933563,4.339864587,4.490740127,-140.5586979,111.0605189
13.18967209,4.339864587,4.449295535,-137.6732688,109.572834
11.80930647,4.339864587,-6.77781633,-74.66701099,79.86992278
4.435662358,-2.744837052,-10.74249384,-21.28287935,45.35497155
-2.833547654,-7.351031294,-10.74249384,12.10530873,9.227149837
-6.10659014,-7.351031294,-10.74249384,25.46695335,-14.11594228
-8.148477168,-7.351031294,-10.74249384,30.81505464,-27.98658153
-8.148477168,-9.392637486,-11.21136399,36.29406382,-32.83535895
-8.148477168,-9.392637486,-11.21136399,38.48225953,-34.77916937
-8.148477168,-10.35119941,-11.21136399,41.00580785,-35.55887208
-9.988252459,-10.35119941,-11.21136399,42.00566572,-39.28290465
-9.988252459,-9.392637486,-10.74249384,41.47185064,-41.50032733
-9.652067864,-9.323730412,-7.878314146,46.44565267,-47.10207405
-6.304761628,-8.068592339,-7.878314146,45.96418638,-42.07279146
-5.602526382,-8.068592339,-7.878314146,45.77387724,-38.10985474
-5.411974027,-8.068592339,-3.837605404,57.02616321,-48.07265986
-5.411974027,-4.627069288,3.281864013,97.99830848,-92.00695128
-3.027862076,-1.226381292,8.831484058,142.4347903,-133.4838592
-3.027862076,4.829073421,8.831484058,-33.84852174,-150.0627952
-3.027862076,6.712677912,9.166125123,-99.84017816,-157.0701924
-3.027862076,6.85852743,10.07821749,-127.4284435,-160.8034131
-0.461697733,7.91287559,10.07821749,-136.1132616,-170.7615128
5.312822039,7.91287559,9.166125123,-137.9784081,21.60547631
7.660581698,7.91287559,8.831484058,-138.0871717,92.02824076
9.407370951,6.85852743,7.926739356,-138.7305966,114.8179383
13.8155769,6.712677912,5.768235848,-133.9146902,113.4531244
13.8155769,4.678758258,-4.607760357,-80.85413345,88.24814606
13.8155769,2.294051462,-4.607760357,-48.25375758,78.18423588
13.8155769,-0.102811567,-4.607760357,-18.57274951,74.17966503
13.8155769,-2.497156652,-4.607760357,9.599784727,72.58923975
9.528183125,-2.497156652,-4.607760357,20.86826866,67.53416048
-3.789282057,-2.497156652,-2.462575011,35.54742893,-7.201733645
-3.789282057,-2.497156652,-1.595902704,48.63736507,-43.21945946
-3.789282057,-2.497156652,-1.595902704,53.87620687,-57.64700023
-3.789282057,0.107526211,-1.595902704,19.21700823,-63.431861
-5.550930414,4.033331562,-1.332964728,-35.36427366,-71.34767419
-10.51828955,4.033331562,0.438497672,-71.90044264,-84.03672865
-10.51828955,4.033331562,2.517457999,-101.9826999,-95.73843618
-10.51828955,4.033331562,3.783114279,-120.738723,-104.202422
-7.042324046,4.033331562,3.783114279,-128.2438187,-112.6730269
-7.042324046,4.033331562,2.517457999,-124.5290163,-110.9230693
-7.042324046,4.033331562,0.813616241,-110.7028622,-102.3845528
-7.042324046,4.033331562,1.586369909,-111.2077216,-102.6418838
-11.21670708,4.033331562,1.895095708,-113.6218412,-100.8978718
-16.45435897,6.894742756,1.586369909,-107.2586513,-97.76055406
-16.45435897,6.894742756,1.517349059,-104.3846386,-96.38260842
-16.45435897,6.894742756,0.813616241,-99.84149305,-94.38056865
-16.45435897,6.894742756,0.813616241,-98.03820013,-93.57966739
-31.44258117,6.894742756,1.517349059,-100.7234082,-93.20028473
-56.64452475,5.81916838,1.586369909,-103.4864602,-92.32261078
-98.79199809,-7.778423524,1.895095708,20.79932263,-91.64723984
-157.2788971,-21.5160013,3.194226659,67.41536691,-91.42034142
-235.4899271,-49.62386381,3.194226659,83.22677315,-91.1775128
-301.1197684,-81.51430241,3.194226659,88.6878881,-91.06935573
-349.1099295,-125.1665703,3.194226659,90.37012916,-91.05231692
-349.1099295,-188.6805344,3.194226659,90.71168496,-91.09396615
-349.1099295,-200.5377253,13.38588894,92.54483177,-92.10645403
-349.1099295,-200.5377253,13.38588894,93.38241306,-92.4310947
-349.1099295,-200.5377253,13.38588894,93.69135767,-92.45772146
-270.7296939,-200.5377253,13.38588894,93.83021279,-92.74852966
-157.0128991,-200.5377253,58.43510986,101.3515925,-103.2529626
-57.37029734,-200.5377253,149.4770165,116.6236594,-136.4917781
44.00403106,-200.5377253,149.4770165,122.738649,43.90591651
83.74659545,-200.5377253,149.4770165,125.1899504,108.5000305
88.22217093,-200.5377253,149.4770165,126.1468158,133.5636891
97.82076526,-200.6148898,149.4770165,126.4631899,141.9070618
107.0053018,-200.6148898,136.7790791,125.1637527,142.1846932
144.3372623,-200.6148898,123.833703,123.14195,135.5066953
338.3848709,-200.6148898,116.7124559,121.477651,119.892543
504.158682,-200.6148898,63.95004832,113.344225,106.6102583
584.9646408,-148.2718653,54.79897945,111.7190762,100.2521198
615.9073866,-96.47683488,33.69944181,110.4950958,96.47975069
655.5144535,-57.5457019,-6.115092442,94.56469151,92.6411842
716.1276871,13.03085818,-76.24864047,31.87864277,87.53350169
722.5829857,82.49357568,-93.19489378,-12.21805076,84.42569445
722.5829857,97.38931043,-93.57748512,-32.56221354,83.07648852
722.5829857,107.4131431,-93.57748512,-42.28423443,82.57231829
722.5829857,181.9440002,-93.57748512,-54.37682251,82.45102807
722.5829857,181.9440002,-130.4669264,-54.18267247,80.75915367
368.8233897,181.9440002,-151.2889329,-51.69906431,72.88453422
123.9043374,181.9440002,-130.4669264,-53.2322042,55.28007375
123.9043374,181.9440002,-119.9831593,-55.06578515,49.81734679
117.1855526,181.9440002,-108.5226512,-57.35660134,48.34508231
116.4760396,149.7895954,-93.57748512,-57.77721825,50.1264415
56.84408107,96.74219466,-81.82021476,-52.84305383,40.90781456
27.95539475,75.66837299,-81.82021476,-46.60290916,27.58047364
-65.61340909,37.57716313,-48.9665196,-40.94851834,-21.14646508
-93.62842667,-5.513355883,-3.796961989,17.04535993,-61.36786935
-200.8393228,-46.8923449,24.30988765,77.36206488,-83.05813833
-297.6471805,-94.99257779,48.03757797,101.0935458,-93.16193249
-360.2688191,-124.7450178,52.41031781,108.1331585,-96.66880245
-400.737649,-124.7450178,61.03902959,112.8750879,-98.26757254
-419.2060396,-124.7450178,62.65702073,115.0873034,-98.77645907
-438.258039,-124.7450178,71.55869856,117.8563624,-99.39086801
-469.3350324,-124.7450178,71.76179346,119.0029805,-99.28525112
-469.3350324,-116.2303588,74.81052537,121.1661692,-99.51017631
-469.3350324,-96.74655895,83.2143828,126.8071301,-100.2392895
-469.3350324,-50.91377594,92.67815236,141.3998879,-101.2354125
-469.3350324,-2.034353963,92.67815236,163.7637352,-101.8174514
-405.684479,39.45912574,92.67815236,-28.66648827,-102.9248465
-371.3145538,75.95129213,92.67815236,-95.85466841,-103.9953459
-362.7491091,96.72384696,92.67815236,-118.6054624,-104.5461286
-362.1728645,96.72384696,66.60471598,-122.189331,-102.3212499
-352.1463607,99.76842033,40.52550567,-116.197454,-99.05082287
-342.6363168,99.76842033,14.90917666,-105.6174604,-95.26215209
-339.5956431,99.76842033,-5.198782722,-94.51099894,-91.7053973
-288.0750993,99.76842033,-29.54027174,-81.96916074,-87.2905495
-217.990376,93.98817166,-56.37886451,-68.28678511,-80.33560696
-146.4359471,87.98391433,-56.37886451,-61.80552416,-73.60437785
-83.1307733,87.98391433,-56.37886451,-59.20819233,-63.01844932
-36.76690751,87.98391433,-56.37886451,-58.15575421,-45.07986797
-0.562054981,87.98391433,-56.37886451,-57.72047948,-18.33830041
15.83142968,87.98391433,-31.53378713,-65.2986707,8.720532919
18.01692168,96.60629493,-18.40850315,-73.68621495,30.17239195
34.69279771,99.16002647,-18.40850315,-77.2183263,49.30117348
77.01352992,103.1430338,-12.7302113,-80.70812138,68.04923398
122.7866139,103.1430338,-7.733068054,-83.74107222,78.99444801
174.5969155,103.1430338,-4.107019645,-86.15392038,84.73090285
174.5969155,103.1430338,-4.003619752,-87.15325941,87.0682385
174.5969155,99.16002647,-4.107019645,-87.46761357,88.01266276
174.5969155,97.75873278,-9.079757426,-85.83038001,87.44235685
174.5969155,77.88627843,-12.7302113,-82.79048827,86.51956497
141.212556,63.55349419,-12.7302113,-80.34717974,85.55802362
102.9121839,54.66730551,-12.7302113,-78.29725943,84.00246543
92.4151978,34.0150296,-14.88216436,-71.16424549,82.0867845
85.38984604,24.89927017,-21.97331555,-57.63290835,78.10939561
79.23656555,18.08273878,-21.97331555,-46.74734394,75.857502
77.27602181,18.08273878,-21.97331555,-42.39452873,74.73881676
74.93238584,16.30007106,-21.97331555,-38.9184551,74.03487307
74.62441798,16.21137011,-21.97331555,-37.43587541,73.74477523
62.76444527,13.85415565,-16.9939092,-38.50250412,74.40452208
38.77784969,10.02815735,-5.077648668,-53.30276313,79.29469661
13.13013759,10.02815735,-5.077648668,-59.22336208,73.02751937
13.13013759,10.02815735,-5.077648668,-61.59311476,70.48633758
13.13013759,1.990574711,-5.077648668,-37.50018089,69.43671009
11.66482721,-7.224078963,-3.519551252,23.3874497,71.61656361
3.438650206,-7.224078963,-3.271999188,48.70467978,56.43802525
-2.857518008,-7.224078963,-3.271999188,58.83219819,-2.133993477
-7.829431197,-7.224078963,-3.271999188,62.88852612,-41.24280149
-8.418102992,-7.224078963,-3.271999188,64.51168236,-57.73561637
3.438650206,-6.361439347,0.874504147,84.47996298,39.4772597
3.438650206,-4.096309876,0.874504147,94.99721569,78.33794728
3.438650206,-2.25032872,0.874504147,104.7097968,93.85722487
3.438650206,-1.090968749,0.874504147,119.0844445,100.0526754
9.842785024,-0.180064776,4.717523365,154.2954293,109.3372996
9.842785024,2.046365938,4.717523365,-32.23044482,113.0536748
9.842785024,2.653545153,4.717523365,-103.2862388,114.5551578
9.842785024,2.046365938,4.717523365,-135.2471557,115.1665852
9.842785024,-0.180064776,0.874504147,46.91154026,103.0974938
5.024070759,-0.180064776,-0.899159334,25.53968538,89.13419284
4.624199052,-0.180064776,-0.899159334,16.97759774,83.0193191
4.624199052,-1.813358858,-0.899159334,44.93333779,80.56020489
4.624199052,-1.813358858,-1.186889911,52.01719435,77.52527573
-2.262482382,-1.813358858,-1.186889911,54.85753915,-6.435267054
-3.372527637,-1.813358858,-1.186889911,55.99847467,-44.9788515
-4.816251945,-1.813358858,-1.186889911,56.46293534,-63.70690576
-4.816251945,2.133715351,-3.557104803,3.998507991,-57.62368484
-2.262482382,2.133715351,-3.863642272,-15.7622575,-41.27485211
4.624199052,2.133715351,-3.863642272,-23.67498433,13.54031215
9.41749691,2.133715351,-3.863642272,-26.85038624,45.99223914
9.41749691,2.133715351,-3.863642272,-28.12099704,58.96265165
-0.248287473,2.216770021,-3.863642272,-29.18861115,21.33244331
-0.248287473,-0.520530302,-3.863642272,-7.098838882,6.277087509
-0.248287473,-0.520530302,-3.863642272,1.737113454,0.252581791
-0.248287473,-0.520530302,-3.863642272,5.274444384,-2.145749932
-0.248287473,-0.520530302,-3.561711615,7.072186804,-3.282573995
-1.718885656,-0.520530302,-3.561711615,7.783522731,-16.80408442
-1.718885656,-0.520530302,-3.170816725,8.666867154,-23.83646905
-1.718885656,-0.520530302,-2.902576802,9.516773009,-27.95899696
-1.718885656,-0.458598725,-0.574627441,26.91405115,-54.13811597
-1.718885656,-0.458598725,-0.471977694,37.2281569,-66.48728388
-1.718885656,-0.14394352,2.021517925,120.4149886,-110.4086734
-1.718885656,0.031496151,3.552066584,-59.55449518,-136.7027681
-1.718885656,-0.458598725,3.382155927,79.52333824,-146.548404
-0.938544731,-0.953182281,3.382155927,130.3386428,-157.3502884
-0.062441936,-0.953182281,3.382155927,150.6539909,-170.3493192
0.686934349,-0.953182281,3.382155927,158.7742692,32.92795109
-0.938544731,-0.953182281,3.461187932,162.2251323,-85.76437235
-6.424980725,-4.524060052,3.382155927,140.917605,-104.99791
-6.725828306,-4.576642753,3.067538472,130.628776,-110.7454584
-6.725828306,-4.576642753,2.534101081,123.5994109,-110.7272558
-6.424980725,-4.576642753,2.047432368,117.8638958,-108.945948
0.686934349,-4.576642753,2.047432368,115.5676108,53.23437836
2.798324916,-4.524060052,2.534101081,117.7452233,100.5312296
2.798324916,-3.66760931,3.067538472,125.0103361,122.7310186
-0.47838301,-0.325702146,3.461187932,154.7514285,-54.23839121
-0.47838301,6.99698312,6.769556674,-18.55300917,-127.3289495
-0.47838301,6.99698312,8.860212178,-92.45218127,-157.1363026
1.324257325,6.99698312,8.860212178,-122.0093769,39.9621738
1.324257325,6.99698312,8.860212178,-133.8271714,118.7757689
-0.47838301,6.99698312,8.860212178,-138.5543028,-58.75785593
-1.043505702,4.645119702,8.860212178,-146.8227146,-127.5971945
-4.560193083,-1.831792245,7.27394446,40.78223879,-139.9084419
-5.049558897,-2.923724593,6.734795057,110.2155955,-141.9607909
-9.564439085,-2.923724593,5.364711363,134.9090627,-128.4609549
-19.19848972,-2.923724593,4.107513874,140.6686408,-112.7272324
-19.19848972,-2.923724593,3.568968945,140.6406208,-105.509455
-19.19848972,-2.696489683,-1.533519144,92.44788701,-93.5746436
-19.19848972,-2.696489683,-3.772541844,58.28012087,-84.88317711
-19.71309988,-2.696489683,-4.921129753,40.50738136,-79.67252477
-29.89145933,-2.696489683,-4.921129753,33.39365155,-80.38750274
-29.89145933,-2.696489683,-4.921129753,30.54712301,-80.67260795
-29.89145933,-2.696489683,-4.921129753,29.41905371,-80.77855792
-36.42287423,-6.76593174,-4.921129753,44.13852763,-81.81000599
-70.48588269,-14.63412598,7.563335369,88.05947081,-90.51129317
-101.5340403,-15.62267245,22.25921048,122.2021318,-97.7248522
-123.1101817,-17.24314127,30.24037276,139.1020092,-101.4680901
-133.6389393,-18.93456122,34.72361619,146.5540374,-103.4160753
-150.0243447,-26.33281025,36.43574904,145.2322018,-103.6324053
-166.9032937,-35.52013762,36.75458106,139.8492777,-102.9251545
-192.604057,-60.58086038,36.75458106,128.863574,-101.6296605
-250.0058907,-60.8763986,36.75458106,124.395016,-99.63131394
-250.0058907,-98.54703108,36.75458106,116.209717,-98.84538407
-250.0058907,-133.747179,36.43574904,109.7941857,-98.4590696
-250.0058907,-186.8015797,36.75458106,104.7559061,-98.25480471
-250.0058907,-213.339565,63.08098354,105.9268586,-101.5216067
-189.995602,-213.339565,63.08098354,106.4009514,-105.0892634
-134.2223322,-213.339565,63.08098354,106.5979344,-110.4776351
-114.850879,-213.339565,76.30009346,108.617847,-117.5536748
-86.77276322,-219.4670408,76.30009346,109.1191839,-124.9266283
-52.52722299,-219.4670408,76.30009346,109.2681851,-136.2940681
38.43917066,-219.4670408,76.30009346,109.1436602,38.32518634
140.9123555,-219.4670408,76.30009346,108.9997496,87.06052573
291.0816105,-213.339565,60.87074056,106.9344292,96.42556738
361.5029043,-205.9748997,-7.251229041,95.32696988,92.34167969
498.3394992,-205.9748997,-101.0723088,76.06504383,84.47850887
622.2901292,-205.9748997,-118.0146956,66.05807568,81.72698233
653.1545782,-195.6679719,-145.7807067,57.87467484,79.43254387
657.7390975,-121.8607128,-145.7807067,46.59132418,78.41017653
657.7390975,-84.63837848,-145.7807067,36.32473807,77.8720763
657.7390975,7.511607364,-145.7807067,12.46626888,77.57827268
657.7390975,206.0332085,-118.0146956,-31.37481513,78.86023618
657.7390975,206.0332085,-81.78944221,-53.76810243,81.26162109
608.6344436,206.0332085,-29.94893595,-70.65941879,84.76388506
392.2499743,220.220077,-29.94893595,-77.68784268,85.18986811
295.2305065,220.220077,-29.94893595,-80.46012521,84.46795572
268.5362093,220.220077,-22.72620392,-82.67113206,84.77078083
257.8544505,210.1803572,0.826087323,-87.18873112,87.94333076
244.7785002,166.5374831,6.946114257,-90.20107527,90.13963829
217.5870611,163.806312,6.946114257,-91.36211069,91.18033221
141.2139729,129.502032,6.946114257,-92.1436453,92.19686497
-11.52070441,120.6768916,0.826087323,-90.79876672,-19.59112457
-126.6467844,101.0891056,0.826087323,-90.33169191,-62.14553042
-181.094352,61.13154284,0.826087323,-90.3265327,-79.20415465
-192.8421238,44.29358133,0.826087323,-90.49511783,-86.10894429
-198.2827494,-19.61359226,-1.828249687,14.85994818,-88.43570397
-200.428353,-119.2055576,-22.01460063,53.86459515,-85.91604281
-221.8631115,-121.9409741,-22.01460063,69.54162091,-85.23681593
-245.8279464,-121.9409741,-22.01460063,75.76603802,-85.26226942
-301.8175755,-121.9409741,-22.01460063,78.21399226,-85.84994178
-330.1781437,-121.9409741,-22.01460063,79.15066148,-86.35868074
-330.1781437,-119.2055576,-16.15160266,81.02333477,-87.33701308
-330.1781437,-110.0040181,-2.399247496,85.65746106,-89.16511113
-364.1551107,-63.79680773,-1.095348628,87.68920436,-90.04967892
-364.8652906,-28.61416243,1.263730732,90.63957005,-90.59731632
-384.9523025,-1.723751912,51.99302028,143.1595186,-95.2483151
-384.9523025,20.13707073,51.99302028,-38.02372087,-97.00784954
-364.8652906,54.06216776,51.99302028,-95.57083629,-97.89920054
-340.8049493,68.82324838,51.99302028,-114.5193654,-98.53129123
-340.8049493,73.09158184,51.99302028,-121.1058053,-98.72527661
-340.8049493,81.04411243,16.75383523,-109.4802265,-95.27238015
-340.8049493,90.10052917,-8.177082721,-94.69098668,-91.40517908
-289.6345695,90.10052917,-13.46681833,-86.78893583,-89.16368214
-227.7868616,90.10052917,-25.55248909,-79.23505659,-86.07309579
-160.4764009,90.10052917,-32.70814345,-73.74925076,-81.7531084
-88.30883927,90.10052917,-32.70814345,-71.58022632,-74.70007223
-64.84009046,87.2158735,-32.70814345,-70.36335287,-67.9657924
-62.16575526,87.2158735,-32.70814345,-69.86071658,-64.54415935
-58.6818151,87.2158735,-32.70814345,-69.64008838,-62.36373969
-48.54264384,85.52203977,-17.14811943,-75.08543916,-67.28541011
-44.58635517,82.66702502,-17.14811943,-77.04105415,-68.30741434
-44.58635517,81.70813998,-17.14811943,-77.7560012,-68.74024306
-44.58635517,81.70813998,-17.14811943,-78.15148018,-68.95774379
4.164180216,82.66702502,-9.619417285,-81.34985428,-13.64051084
43.16134469,85.52203977,2.644864985,-87.67141725,50.64680853
69.77808355,90.16690353,2.875996056,-90.21439619,75.65582796
69.77808355,83.4045544,2.875996056,-91.28684094,85.69609537
79.99191828,82.66702502,-7.242934995,-87.51662599,85.2052961
103.4400144,81.70813998,-7.242934995,-85.97949681,85.6871844
105.0086787,76.97314211,-7.242934995,-85.19391937,85.88679721
105.0086787,76.97314211,-7.242934995,-84.8983369,85.93249281
105.0086787,62.51909532,-7.242934995,-84.05090171,85.92797918
103.4400144,29.16491107,-7.242934995,-79.30878037,85.89266279
81.75688844,29.16491107,-7.242934995,-77.39863797,85.27244735
81.75688844,29.16491107,-7.242934995,-76.60926405,85.05991622
81.75688844,26.25008183,-7.242934995,-75.38239744,85.00541246
81.75688844,20.07554129,-17.25000895,-59.74179347,80.87748035
65.68996872,20.05636436,-17.25000895,-53.48596756,77.52692284
65.68996872,18.99291905,-17.25000895,-50.08216686,76.14961336
58.73048627,18.99291905,-17.25000895,-48.73808394,74.57172263
55.28163736,5.472246482,-15.96550727,-30.90996103,74.09338581
54.50530466,2.043443408,-15.96550727,-16.79683936,73.78532082
40.03847584,2.043443408,-15.96550727,-11.13168571,70.42577398
40.03847584,2.043443408,-15.96550727,-8.845595351,69.08681156
31.23939007,2.043443408,-15.96550727,-7.915395263,65.35566686
7.26440285,-3.56212858,0.446961405,55.12772685,82.21911738
7.26440285,-3.56212858,0.446961405,80.32630468,88.95866973
7.26440285,-3.56212858,0.446961405,90.38778199,91.64440366
-0.858583553,-3.56212858,0.773081033,97.45611144,-42.58960212
-1.996820122,-1.027995883,6.405887979,141.4693218,-114.6829137
-1.996820122,-1.027995883,6.81665612,159.4096896,-144.1075652
-0.858583553,-1.027995883,6.405887979,166.2715543,-161.0989325
2.763145376,-1.027995883,6.174736903,168.8204233,29.0549611
7.659062385,-3.504143785,2.54759437,143.119494,76.60719286
9.352478961,-1.027995883,2.54759437,152.0373782,93.72726885
9.352478961,-1.027995883,2.54759437,155.5977449,100.5778765
5.475338862,-0.93776129,3.654637079,161.5660466,114.4132415
5.475338862,-0.201694332,3.654637079,170.6896606,119.9508826
5.475338862,2.605284069,3.654637079,-18.47295745,122.1694246
5.475338862,2.605284069,3.654637079,-94.13245517,123.0660945
1.811488444,2.605284069,3.654637079,-124.3821493,141.3819218
-5.824707345,-0.201694332,3.654637079,56.34040153,-16.73841292
-5.824707345,-0.201694332,3.654637079,128.6231001,-80.01230373
-5.824707345,-0.201694332,3.654637079,157.5276881,-105.3400704
-5.824707345,-0.201694332,3.654637079,169.0840326,-115.4712769
-7.012439739,2.605284069,2.090375781,-9.642994881,-110.2062326
-10.59165232,3.19158091,2.090375781,-77.81677769,-104.8193008
-7.012439739,3.39385353,2.090375781,-104.125372,-105.9136514
-5.223923327,3.39385353,1.328220694,-108.4941065,-104.9462743
-2.90260635,-2.057361618,0.979191811,25.84936358,-107.1948261
2.179715857,-2.444410791,-3.572314144,30.94302759,-24.08632714
2.179715857,-2.444410791,-3.572314144,32.97683528,9.142719287
-2.90260635,-2.444410791,-3.572314144,33.78883969,-19.85978611
-5.223923327,-0.972869234,-3.042716561,24.12196391,-43.8623173
-5.223923327,-0.972869234,-3.042716561,20.25545087,-53.45258996
-2.90260635,-0.972869234,-3.042716561,18.70817553,-47.60084217
0.541348869,-0.972869234,-3.042716561,18.09403702,-13.01086654
3.146260686,-0.972869234,-3.556315939,16.39179757,19.65832244
3.146260686,2.035126541,-3.556315939,-11.34368826,32.69073741
0.541348869,2.035126541,-3.556315939,-22.43448899,18.21467101
-1.466123791,2.035126541,-3.556315939,-26.87207707,-6.207898334
-1.466123791,2.035126541,-3.556315939,-28.6555856,-15.97094258
-1.466123791,2.035126541,-3.556315939,-29.37371175,-19.8666365
-1.466123791,3.073431391,-3.556315939,-36.293079,-21.41430086
-1.466123791,3.073431391,-3.556315939,-39.05405113,-22.0304951
-1.466123791,3.073431391,-3.556315939,-40.15622608,-22.29013738
-1.466123791,3.073431391,-2.310245405,-47.93654449,-28.40905112
-1.466123791,3.197576895,-2.185626971,-52.59979746,-31.73578905
-1.74394684,3.197576895,-1.445886883,-60.47878798,-42.95664985
-1.74394684,3.197576895,1.344218621,-91.91441404,-93.80918459
-1.74394684,3.197576895,1.364550424,-104.6782337,-114.3884
-1.74394684,3.197576895,2.39831038,-118.0440762,-132.1805164
0.03575173,3.197576895,4.285075985,-133.2221059,54.80453546
0.03575173,3.197576895,4.78164007,-141.0600797,129.6275915
0.03575173,3.197576895,4.78164007,-144.1858212,159.5481054
0.03575173,2.984029413,4.78164007,-146.5153506,171.5100221
-1.74394684,0.810453064,4.78164007,-160.8598595,-27.43221568
-7.034225701,-0.86883688,4.78164007,37.44521937,-85.55607496
-7.034225701,-0.86883688,1.832201656,107.7162111,-97.03925942
-7.034225701,-0.842592763,-1.306426677,62.73226958,-86.56661123
-7.034225701,2.057772517,-3.051543984,4.646382555,-74.62375319
-18.77380876,2.057772517,-3.911322554,-14.8411986,-76.86325097
-22.85157659,2.057772517,-3.911322554,-22.63817166,-78.99843981
-22.94204989,2.057772517,-3.911322554,-25.756311,-79.88609025
-23.86700269,2.057772517,-3.911322554,-27.0073627,-80.47438461
-25.31144254,2.057772517,-3.051543984,-31.25716565,-82.17324391
-25.40073417,2.057772517,-1.266208652,-47.60412866,-85.27163919
-28.83014856,2.057772517,-0.083818558,-71.71110231,-88.13709983
-44.17088477,2.057772517,5.389132546,-124.2172835,-93.56401647
-60.71348781,-8.219308437,12.57767994,38.34185767,-98.59939554
-89.49576255,-19.02429407,14.64754826,91.83294686,-99.16415528
-120.2448264,-30.51947274,16.55918716,107.7809703,-98.49432489
-155.9700541,-42.32511106,22.65497304,114.0086693,-98.42568788
-196.4982432,-48.36446582,36.49660634,121.88872,-99.60881679
-256.5802935,-59.09725893,36.80316716,122.0122293,-98.71190414
-256.5802935,-73.03336096,36.80316716,118.9928257,-98.37622505
-256.5802935,-87.4825205,36.80316716,115.4043855,-98.26325685
-256.5802935,-116.373265,36.80316716,110.7551669,-98.24615813
-256.5802935,-157.9425859,36.80316716,106.1905113,-98.25959423
-240.3468831,-197.0485904,18.61651017,99.6870007,-95.96442164
-194.1213961,-266.2672814,18.61651017,96.23452889,-95.50110859
-153.652124,-266.2672814,18.61651017,94.851535,-95.86699301
-151.1119153,-266.2672814,18.61651017,94.30528492,-95.93293898
-143.6967749,-268.2173311,18.61651017,94.08644336,-96.07228334
-140.8528444,-268.2173311,85.35991802,102.2016067,-110.3900328
12.23830671,-268.2173311,85.35991802,105.4169984,59.59462952
106.7079934,-243.0832309,85.35991802,107.6346756,101.5682238
262.1003026,-229.0014578,85.35991802,109.0301822,105.7426893
407.0730361,-226.2492147,85.35991802,109.6499086,103.51333
521.8728199,-224.3568024,41.83337332,103.8018154,98.20987761
767.0239907,-215.6327,-14.6176769,92.79603852,92.73788446
932.5046035,-196.2983431,-14.6176769,88.20563227,90.7285537
932.5046035,-81.97288908,-14.6176769,82.99163077,89.94610487
932.5046035,15.64054831,-21.53431995,11.4947239,89.31199454
932.5046035,135.4013262,-32.18743708,-41.40926413,88.54848436
932.5046035,290.4126938,-32.18743708,-66.70877121,88.11434802
842.6377315,290.4126938,-32.18743708,-76.80916374,87.7435184
665.7810881,290.4126938,-32.18743708,-80.85333999,87.20885145
475.2075673,290.4126938,-32.18743708,-82.42753209,86.41821089
327.5017805,290.4126938,-32.18743708,-83.05147441,85.20158352
207.1251364,242.6690859,-32.18743708,-82.53930554,82.92806774
119.1119295,209.0880149,-32.18743708,-81.58857431,78.31325001
-16.42704895,208.8684854,-32.18743708,-81.16557177,15.34423575
-115.902174,139.2896555,-17.81341258,-81.83109608,-42.44252362
-206.7734657,121.2595859,-15.57019968,-82.02425206,-68.34873866
-256.5163041,72.25580637,-15.57019968,-79.16263858,-79.36635497
-256.5163041,20.6035222,-15.57019968,-63.08455982,-83.90381283
-264.3665923,-20.92285982,-15.57019968,7.057862692,-85.86310043
-280.6788866,-68.89319709,-15.57019968,49.39970889,-86.77496047
-280.8513179,-115.4935551,-15.57019968,69.30937812,-87.11342474
-296.5917144,-115.4935551,-15.57019968,77.21148414,-87.29430183
-297.2152599,-115.4935551,-15.57019968,80.34020352,-87.32199729
-344.187623,-115.4935551,-15.57019968,81.58358961,-87.54415781
-398.1587776,-115.4935551,9.20389448,89.44610635,-89.98615194
-398.1587776,-112.4721961,25.22430515,97.48106345,-92.3886245
-398.1587776,-76.89074229,25.22430515,104.0555158,-93.50803885
-398.1587776,-39.83964261,25.22430515,115.2152341,-93.99962817
-398.1587776,-2.417423625,25.22430515,150.9849865,-94.2692242
-410.8939162,7.331626565,25.22430515,-37.73418053,-94.33251638
-410.8939162,7.597002857,15.87249876,-107.6313632,-93.50468259
-409.9743839,20.34037333,15.87249876,-119.7309447,-92.9994699
-377.0578272,21.70999918,12.74016739,-120.0501098,-92.47949113
-350.6397305,25.39161226,9.80438737,-114.5701403,-92.01378414
-348.2531058,27.83831686,-11.35334029,-86.40211318,-89.7654992
-320.1473623,56.90686462,-18.56793767,-77.62857359,-88.05129423
-319.3228841,56.90686462,-32.59718507,-67.13456338,-85.90511997
-229.2997963,56.90686462,-37.04915092,-61.02066978,-83.03123975
-113.1834308,62.73420029,-37.04915092,-60.11379574,-76.44617619
-27.31254555,63.40320218,-37.04915092,-59.93314283,-52.43548082
-20.87432967,75.61058327,-37.04915092,-62.36291776,-38.46699653
-15.94112086,75.61058327,-37.04915092,-63.31116605,-29.23630035
-0.561357804,75.61058327,-29.41813468,-66.5816126,-12.22799743
2.359220352,96.48951774,-20.00399088,-73.6262985,-0.7969492
12.59073171,110.8451517,-18.92133638,-77.67520146,19.85297718
66.83745331,110.8451517,-1.916061119,-84.52065128,60.8886568
149.0044596,112.5981411,-1.532980408,-87.40040241,77.91157364
157.9987443,112.5981411,7.678720861,-91.3605344,86.76697004
157.9987443,112.5981411,13.55027703,-94.70400115,91.637465
157.9987443,111.1412441,13.55027703,-96.07315308,93.64789698
157.9987443,110.8451517,19.17608182,-98.31145468,95.71414229
157.9987443,101.5674779,19.17608182,-99.72345803,96.53569404
107.7970331,79.9760592,19.17608182,-101.9766415,98.72604373
107.7970331,64.28955442,19.17608182,-104.773392,99.53853143
103.5721961,44.10647588,19.17608182,-110.0478517,100.0442733
94.95258283,11.29680579,-15.17948242,-66.0584821,88.48876509
88.0103465,3.103242819,-15.17948242,-33.39220009,83.45773843
74.16438234,3.103242819,-15.17948242,-20.30531395,80.40558914
67.75337468,3.103242819,-15.17948242,-15.05399183,78.56424934
50.00060273,-1.945544788,-15.17948242,-1.632564325,75.27589542
39.23338333,-8.878872345,-3.57565567,40.18543033,80.94920065
36.75182506,-11.66040633,-3.57565567,59.82549741,82.98024242
22.61935158,-11.66040633,-3.57565567,67.667375,81.72393038
19.26565064,-10.13339541,-3.57565567,69.35982783,80.30723408
16.72069877,-8.233185624,-3.57565567,67.61188032,78.8144828
12.21895834,-8.233185624,-3.57565567,66.91108288,75.68870238
12.21895834,-8.233185624,-3.57565567,66.64051858,74.45523373
3.889390526,-8.233185624,-3.57565567,66.5389549,58.20461459
-10.04391998,-8.233185624,-3.57565567,66.49872473,-18.9718541
-10.04391998,-1.40711524,2.900577929,119.0382704,-71.27494779
-10.04391998,-1.099673548,2.900577929,143.118266,-92.22171177
-10.04391998,-1.099673548,2.900577929,152.7465724,-100.6186043
-10.04391998,0.523055675,2.900577929,-40.80837274,-103.9715597
-16.61823784,2.129062832,3.179799825,-104.0799617,-102.1379041
-9.110410412,2.129062832,3.179799825,-129.3811036,-106.4368688
-7.745949467,1.80213468,3.179799825,-142.0593337,-110.0040987
0.023336636,0.608568694,3.179799825,-158.3548563,63.71328516
0.736126356,0.608568694,3.179799825,-164.8737654,125.6343315
0.736126356,0.608568694,2.887130659,-166.8429783,149.6312481
0.736126356,0.608568694,2.887130659,-167.6392734,159.2176431
0.736126356,0.608568694,2.887130659,-167.9661311,163.0407645
0.950173179,0.608568694,2.857005343,-168.0263926,162.1125287
0.950173179,0.608568694,2.857005343,-168.0467634,161.7485763
0.950173179,0.608568694,5.16820486,-171.2334663,166.3994847
0.950173179,1.552916706,5.16820486,-166.4923844,168.2690755
0.950173179,5.349309259,5.16820486,-147.0280004,169.038598
-4.232537414,6.303417385,0.897086328,-117.6886379,6.420298251
-4.232537414,6.303417385,0.897086328,-105.9622271,-58.63789297
-4.232537414,6.303417385,0.897086328,-101.2843188,-84.67907854
-4.232537414,6.303417385,2.341609926,-106.7891656,-105.2973314
-4.232537414,6.303417385,5.16820486,-120.3722799,-126.5765326
-4.232537414,8.491890447,6.06189006,-123.4975252,-137.7109814
-3.68356903,8.832269245,7.669811037,-128.0036067,-147.7201093
-3.515832728,8.832269245,3.023790545,-116.5535994,-137.5439612
0.989159218,6.303417385,2.341609926,-112.8588991,39.19944716
0.989159218,1.981775139,2.341609926,-129.0139826,109.8909295
-2.328912474,1.981775139,2.341609926,-135.4862079,-37.1924506
-3.515832728,1.981775139,2.341609926,-138.0812589,-89.13334942
-3.68356903,-0.361919487,-6.171921504,-53.26086112,-54.21464194
-4.781065811,-6.646642369,-6.171921504,6.928626357,-44.40399666
-4.781065811,-6.646642369,-6.171921504,31.00651446,-40.46763877
-8.537799775,-6.646642369,-6.171921504,40.6421268,-48.70417721
-8.537799775,-6.646642369,-6.171921504,44.49945263,-51.98980434
-8.537799775,-6.646642369,-2.747574034,58.29629919,-64.11938369
-8.537799775,8.195725968,1.680639922,-37.66357026,-86.36297829
-7.232187658,12.12527511,1.928356088,-74.5173959,-97.54506952
-4.781065811,12.12527511,1.928356088,-89.26022866,-106.2390846
3.953686479,12.12527511,2.157857671,-95.79170997,28.62744396
3.953686479,12.12527511,2.543774735,-99.46148353,85.05602812
3.953686479,12.12527511,2.543774735,-100.929645,107.6325059
3.953686479,7.965507021,2.796446511,-106.0123424,118.1817326
3.953686479,2.18254358,2.796446511,-127.6475345,122.411836
6.504232552,2.011793705,2.796446511,-137.642006,116.8970686
6.504232552,1.027309211,2.796446511,-150.9736845,114.6807706
6.504232552,0.578663513,2.343071787,-160.0956267,111.7124334
2.996577129,0.532463299,2.343071787,-164.3971304,121.4464581
0.214511885,0.532463299,3.75322006,-168.9459667,154.5657968
-2.116509229,0.532463299,4.248693858,-171.3263837,-30.3156875
-2.116509229,0.532463299,4.248693858,-172.2678265,-104.2450506
2.996577129,0.532463299,4.248693858,-172.6326383,45.19083057
5.792883061,1.793875231,4.248693858,-163.3176109,93.83612487
5.792883061,9.964575395,8.280148984,-143.1540648,124.5444836
5.792883061,9.964575395,8.280148984,-135.0848729,136.820948
5.792883061,9.964575395,8.280148984,-131.8571439,141.7201542
31.25126907,9.964575395,8.280148984,-130.5626853,119.5585572
44.3536389,9.964575395,8.280148984,-130.0401586,108.1324072
44.3536389,4.382976549,3.559956091,-129.443385,99.98768651
44.3536389,-1.847252152,-7.989802248,-43.93981626,87.87117821
48.13405732,-7.602277948,-19.16192448,-4.55335175,76.14833201
54.05419757,-15.54711543,-22.39478488,19.08898735,70.99667597
56.52774407,-22.33829332,-26.38521206,31.8270649,67.42106628
57.94383465,-27.26999283,-29.37496603,38.45423576,64.86747396
57.94383465,-35.86890749,-40.54566678,40.2408884,58.98641654
100.3631411,-48.89618275,-40.54566678,46.21386345,64.44715912
159.3356729,-48.89618275,-40.54566678,48.57138895,71.29826566
201.9438555,-48.89618275,-40.54566678,49.5024385,75.8010082
219.4060296,-48.89618275,-40.54566678,49.87030599,78.11390266
220.8514191,-48.89618275,-30.86887785,54.45258576,80.48832587
230.2363124,-43.82355867,-4.125599832,72.31525845,85.53240741
259.4696101,-19.74006955,2.281648915,86.69848599,88.38471469
284.3631305,-13.12148812,6.098895518,103.4439016,89.90995565
284.3631305,-11.9764624,7.53027163,114.5059866,90.6747973
284.3631305,-11.9764624,15.347817,130.8886071,91.91635363
284.3631305,-11.9764624,46.74944802,151.6316405,96.11961974
284.3631305,-11.9764624,92.68819928,164.1427373,102.8923482
200.9575101,-13.12148812,126.1973662,170.0322649,114.0413553
107.6522483,-30.21837611,126.1973662,168.007216,128.8390402
17.74576859,-78.49377474,126.1973662,156.1201867,154.157686
-92.14444513,-141.9901892,126.1973662,141.4974168,-25.33797752
-234.2010015,-179.0598606,126.1973662,131.7916877,-81.93140932
-363.200635,-212.0619393,113.0754526,123.7388106,-98.04784863
-442.6764048,-212.0619393,113.0754526,120.5958383,-102.7374582
-523.4550596,-212.0619393,113.0754526,119.3901347,-103.2300916
-574.3674875,-212.0619393,113.0754526,118.9016796,-102.5647833
-663.1866087,-217.1955133,77.64864358,113.5468163,-99.41517749
-825.0282465,-217.1955133,60.95519456,108.8625653,-96.38383846
-825.0282465,-197.013969,54.29572064,106.7082236,-94.82194607
-825.0282465,-173.6205562,54.29572064,106.9406138,-94.18295542
-825.0282465,-173.2398173,54.29572064,107.0465104,-93.9499947
-825.0282465,-163.2654419,-2.433829601,96.16477541,-91.53775824
-757.092508,-145.370215,-2.433829601,91.78977418,-90.57320262
-543.3455726,-85.25920752,-2.433829601,89.66202093,-90.08769245
-353.930391,11.49451583,-2.433829601,-10.98464377,-89.6825936
-196.6243678,84.07173774,-2.433829601,-57.39438893,-89.25812408
-93.24091394,143.3855624,17.37824904,-81.0884903,-95.79059355
-30.51095364,207.9311013,17.37824904,-89.26621809,-109.8296213
32.53694413,207.9311013,17.37824904,-92.58795412,27.25161035
106.0726279,207.9311013,17.37824904,-93.9200745,70.78121056
175.4688997,207.9311013,17.37824904,-94.43080803,85.97956919
220.5190659,207.9311013,-14.47092228,-89.33699761,86.39136062
247.6978478,149.0704681,-43.19106355,-79.93902661,82.87441257
258.6272279,104.2320106,-61.55059526,-67.47682981,79.38195728
259.3491945,71.21201716,-62.99552715,-55.88442249,77.8548484
261.9846864,60.83817786,-63.65182931,-48.32498621,77.252289
267.4064521,53.38058401,-68.08293528,-41.93708819,76.60419382
269.2408567,32.92272451,-69.04969447,-31.84609329,76.23033058
272.5566566,17.57969658,-70.40976999,-20.98558611,75.95953469
323.5300853,-31.85393874,-111.4152747,1.272696847,73.1293326
390.9553151,-71.19359293,-114.5528998,19.65288756,73.61081592
390.9553151,-71.19359293,-114.5528998,26.96414121,73.96235469
390.9553151,-71.19359293,-114.5528998,29.85908249,74.12446908
390.9553151,-71.19359293,-114.5528998,30.98071533,74.24660496
390.9553151,-71.19359293,-114.5528998,31.39141929,74.32506741
363.4867542,-38.43536875,-60.3378911,31.92505351,78.49772955
363.4867542,-3.778976643,-33.96704051,16.45702616,82.60561537
363.4867542,42.03018524,-18.5352384,-33.25852906,85.66377726
363.4867542,87.866411,-9.330270299,-63.77804684,87.72972455
355.7166224,136.6136565,2.425140602,-80.23440064,89.65991654
346.8956949,170.3738608,8.679780975,-87.97546361,91.02992105
346.8956949,192.1082834,10.33034709,-91.15797429,91.68159787
346.8956949,192.1082834,18.41425135,-93.84602025,92.64636713
330.1087957,192.1082834,21.35139631,-95.38499323,93.21392178
257.9364845,192.1082834,36.7687001,-98.63217626,96.02684841
182.3917357,192.1082834,36.7687001,-99.87095732,99.07057797
99.37593288,181.6368234,36.7687001,-100.703248,105.6539437
3.024183767,152.3030601,36.7687001,-102.3423003,147.3353989
-133.8464529,112.4665123,36.7687001,-105.7704663,-4.347205905
-243.6423113,64.8791807,9.450424064,-101.2974534,-57.1258612
-243.6423113,11.06699977,-20.23730276,-57.77035982,-74.04431706
-243.6423113,-14.51147586,-27.6812691,-6.556624189,-79.74150629
-243.6423113,-14.51147586,-27.6812691,13.95529324,-81.9851204
-243.6423113,-14.51147586,-32.68106529,19.96233545,-82.18419626
-204.7457334,-14.51147586,-37.83767169,20.60605581,-80.58775068
-187.0796827,-14.51147586,-37.83767169,20.86939702,-79.40543302
-176.8103795,-14.51147586,-36.91832963,21.25259072,-78.73646623
-140.9200266,-14.51147586,-32.68106529,22.86517619,-77.7287808
-106.9756752,-9.560808991,-31.1881067,19.34878929,-75.42408561
-89.96196658,-4.655508675,-27.6812691,13.43265238,-74.00637503
-84.06077297,0.004673537,-24.47884027,5.333508235,-73.96627609
-70.0949789,0.004673537,-24.47884027,2.097514153,-72.15293586
-64.77493538,0.004673537,-14.24348753,0.802519263,-75.54069629
-64.26344116,0.004673537,-3.47542088,0.245905834,-82.46851839
-61.29978408,7.886451856,0.624217619,-56.65526578,-87.4255602
-60.01794792,7.886451856,6.751159675,-101.0545006,-92.88401055
-59.72032906,7.886451856,14.11433618,-130.9662376,-99.17347223
-58.89677071,7.886451856,21.39314997,-148.3094807,-105.6676618
-54.3271811,8.477592124,22.72307376,-155.1062232,-109.8939197
-45.15942612,8.477592124,22.72307376,-157.82155,-113.9897851
-22.72983789,7.886451856,22.72307376,-159.6954417,-126.6145421
-7.501830287,7.531798721,22.72307376,-160.9243223,-147.7340718
4.834152541,6.759028557,22.72307376,-162.4841768,41.62737448
19.51516702,6.743381662,16.92020719,-160.0157639,95.14174951
19.51516702,2.896970904,11.0247016,-163.2423752,109.6967463
19.51516702,0.757136243,8.530529978,-170.3366209,112.0315252
19.51516702,0.757136243,8.530529978,-173.1701269,112.975055
19.51516702,0.757136243,8.530529978,-174.3008166,113.3489847
10.26055826,0.757136243,8.530529978,-174.739054,123.1635538
10.26055826,0.757136243,6.079739857,-173.6959392,121.6086818
8.558290798,5.058035917,6.079739857,-153.6816189,123.8122564
5.582094865,5.058035917,6.079739857,-145.6779955,131.9198975
4.309183387,5.058035917,6.079739857,-142.4824838,139.5013945
0.908047952,6.054947234,8.368757537,-143.5238857,160.0287645
0.908047952,6.807660222,8.368757537,-141.9860641,168.2586265
-1.427001538,9.240723726,8.368757537,-136.1347016,-34.91432848
-4.950146948,6.807660222,0.709441166,-112.0565661,-72.88160842
-4.950146948,5.086952798,-0.80683181,-93.4574267,-77.63406626
-4.950146948,5.058035917,-0.80683181,-85.99654171,-79.54731664
-4.950146948,4.918723133,-0.80683181,-82.87052192,-80.31141391
-6.507417065,5.086952798,0.709441166,-91.97200613,-89.89870036
-6.507417065,7.890784978,1.326177592,-96.56612273,-96.90567658
-6.507417065,7.890784978,1.326177592,-98.39199865,-99.70403561
-5.01388674,5.086952798,1.326177592,-102.156696,-102.7941041
-4.950146948,4.91987247,0.709441166,-99.81659257,-100.0330934
0.664399856,3.962963875,-0.838523157,-86.79224228,-17.00135804
0.664399856,3.962963875,-0.838523157,-81.5920832,16.19341568
0.664399856,4.844696824,-0.838523157,-80.79118026,29.45841795
3.267603676,4.844696824,-0.838523157,-80.46667464,57.08030856
3.267603676,2.836760893,-1.52124959,-69.30002064,61.78618195
3.267603676,2.773016495,-1.52124959,-64.50636508,63.67598401
3.267603676,1.10095638,-1.52124959,-47.37078896,64.44740326
3.267603676,0.173481868,-1.52124959,-22.88452655,64.76585053
1.985243146,-0.915103144,-4.832917935,-2.755997269,39.28105916
1.985243146,-1.092035767,-5.982306066,5.062534034,26.69188109
1.985243146,-1.219140499,-5.190650537,9.908635281,23.18156757
1.985243146,-1.854718434,-1.52124959,34.30225435,40.73883785
-2.81422722,-1.854718434,-0.413618741,60.13218318,-32.7399271
-2.81422722,-1.854718434,-0.01126351,77.79944712,-67.00489935
-2.497536147,-1.854718434,-0.01126351,84.86356582,-80.69188719
2.975178441,-1.854718434,-0.01126351,87.69301803,21.55191849
2.975178441,-0.985156102,2.165430662,128.3618517,84.2181176
3.235811336,0.05827881,4.499790535,-56.24391476,120.2192171
3.235811336,1.889528015,4.499790535,-116.8586783,134.6125088
3.235811336,5.23190932,4.499790535,-125.1889514,140.3543133
2.975178441,5.23190932,4.499790535,-128.5235853,144.0047689
2.975178441,5.23190932,4.499790535,-129.860973,145.472492
2.975178441,5.23190932,-0.275615886,-104.1724103,108.9735721
1.670131356,5.23190932,-0.275615886,-93.89730064,91.93573495
-6.328239522,4.634075628,-0.275615886,-89.5500166,-15.7580911
-6.328239522,-0.220158474,-1.292822892,-30.05224896,-53.41123637
-6.328239522,-1.018152926,-1.301659529,10.76431677,-68.43896979
-6.328239522,-1.231132245,-1.301659529,30.31034361,-74.45667149
-6.328239522,-1.231132245,-1.292822892,38.24048399,-76.91102248
-13.72493638,-1.231132245,1.779806401,102.4573831,-89.24777308
-13.72493638,-1.018152926,1.788361017,131.1628363,-94.19237182
-13.72493638,-0.220158474,2.147075265,156.9310904,-97.03381211
-10.15617285,0.168373546,12.10044532,-44.76851801,-122.8258201
-6.247997469,3.401617866,12.10044532,-116.5036141,-140.7621393
-6.247997469,5.67308164,12.10044532,-139.5461263,-147.9420313
-6.247997469,5.67308164,12.10044532,-148.7587485,-150.8366888
-6.247997469,5.67308164,12.10044532,-152.4319641,-152.0224537
-0.035494416,5.67308164,11.54437084,-153.2551623,-168.8136199
16.53944985,4.50890285,10.37840502,-155.18266,5.600791308
16.53944985,3.401617866,5.888751981,-152.020423,67.85567743
16.53944985,2.577739406,4.224503534,-149.9230037,89.60136378
16.53944985,-5.262677969,4.172934746,17.12679173,98.23411061
16.53944985,-9.604131911,4.119403619,74.82092513,101.6411082
9.654263718,-10.83504674,3.882592111,95.78965445,107.8127406
9.654263718,-13.69182536,3.366741823,100.6325889,108.7018605
9.654263718,-17.72865333,2.183488538,98.49828134,105.1748278
9.654263718,-18.87565309,1.774789408,96.6531051,102.348982
9.654263718,-19.81668268,-11.80277978,74.22429119,64.52015263
49.88880492,-22.83752102,-25.0943024,55.10213763,63.79177844
96.36065563,-22.83752102,-45.02542561,38.19723547,64.490477
139.5955543,-22.83752102,-57.23344628,28.33636762,66.41738882
167.8827452,-22.83752102,-64.45280141,23.0263483,67.95887256
195.1774359,-22.83752102,-64.5105944,20.86013676,70.18989054
220.7399137,-13.50986778,-64.5105944,15.36051134,72.25509812
259.8673648,-4.611069288,-64.5105944,8.487104505,74.43855188
259.8673648,-2.01120055,-64.5105944,4.3411649,75.26472001
259.8673648,-2.01120055,-64.5105944,2.669764438,75.53536112
259.8673648,-2.01120055,-48.6358378,2.356253639,77.56292487
259.8673648,-2.01120055,-36.50474462,2.710148579,79.85936291
247.7222995,-2.01120055,-22.26911613,4.038962786,82.40816337
202.3588596,-15.67087936,-7.177858229,40.69836234,85.22917555
161.8231517,-28.76743894,1.421813077,71.81098574,87.83541465
131.5393762,-59.09590129,2.623057456,84.06469325,89.24809474
114.2354653,-93.58234732,12.6128132,92.01332998,92.88030797
77.29956694,-114.476773,48.05497303,104.2525782,109.6640468
15.27054157,-141.995219,82.65408339,113.6086681,144.92389
-49.29411407,-178.51354,119.7472197,119.5837272,-37.32631113
-126.7759757,-240.7988063,150.0766706,120.8974421,-99.63370699
-202.3452406,-240.7988063,168.6058395,123.3415689,-118.6412016
-303.8829029,-240.7988063,189.4753897,126.3022859,-121.5028471
-409.4627728,-240.7988063,195.5007508,128.0043616,-118.6113759
-508.8307854,-240.7988063,195.5007508,128.5855138,-114.469355
-710.9856564,-232.5197479,195.5007508,129.3092302,-109.1821918
-879.9724235,-225.5256287,195.5007508,130.056195,-105.1428835
-879.9724235,-221.2857661,195.5007508,130.6486828,-103.4712714
-879.9724235,-211.2050232,165.878747,128.8888095,-101.7174172
-879.9724235,-154.7253862,108.7647715,126.3898118,-98.89199835
-879.9724235,-86.36298031,48.60675375,121.9997907,-95.44354103
-704.8549852,-38.88721219,48.60675375,133.4729086,-94.49965595
-476.9420106,19.03907588,48.60675375,-41.84808143,-95.18391999
-282.2655201,71.60342777,40.92512925,-88.65503897,-96.87744829
-144.7895316,125.1280442,12.47511904,-92.9924479,-95.51574613
-34.39487268,155.5530178,7.448338675,-92.98289461,-99.28953118
61.73826879,194.6420885,12.47511904,-93.54213825,21.46462762
245.625596,200.6646051,13.38128729,-93.81794015,64.81880443
246.7260265,200.6646051,13.38128729,-93.87608781,82.14646275
246.7260265,200.6646051,12.47511904,-93.65322656,88.90038539
246.7260265,200.6646051,3.152350932,-91.88910588,90.15928667
246.7260265,194.6420885,-3.021614669,-90.06965787,89.84159353
246.7260265,181.172578,-10.12572296,-87.97598771,88.70082125
228.7098455,167.9230075,-46.78358051,-79.78139668,82.72824276
210.777868,137.4474269,-85.40585102,-66.76828839,74.06630043
170.3930933,98.07399187,-108.1830142,-52.00710127,64.4844099
170.3930933,43.16827012,-108.1830142,-33.81484098,60.73218136
170.3930933,41.64987122,-118.4792287,-25.03690816,57.80456942
170.3930933,24.17930349,-135.6185025,-15.89382071,54.34961016
170.3930933,11.00767457,-153.7677643,-8.551712417,50.74591442
208.1465578,-7.514563258,-187.0359035,-1.831283279,49.26913321
309.8106877,-20.97047488,-187.0359035,3.255489899,55.16087293
373.2000146,-23.36133279,-188.1236967,5.610175229,60.20747312
377.8877758,-46.06837811,-188.1236967,10.46392661,62.46543461
409.8301025,-46.06837811,-188.1236967,12.3540158,64.49141322
414.743436,-46.06837811,-188.1236967,13.07597937,65.45327717
442.4915528,-46.06837811,-188.1236967,13.33275937,66.59668553
414.743436,-46.06837811,-136.7081438,16.35328653,69.8644691
409.8301025,25.237119,-79.94863431,-4.094996719,75.46564378
377.8877758,86.59697351,-41.47580421,-40.38480173,80.56981156
377.8877758,130.5364756,-2.700119058,-69.55375284,86.0950034
351.9052488,130.5364756,31.09420796,-89.97586136,91.51901286
222.1024435,130.5364756,37.98968299,-99.83918179,96.42652137
96.13297206,130.5364756,39.3118602,-104.1138806,105.8665258
38.40983741,130.5364756,39.97764321,-105.9601855,123.987705
7.036940367,121.2677709,62.96585092,-112.9094373,153.7262232
-29.38410924,101.7097819,72.3731624,-120.4636773,-33.2834086
-55.99485696,101.6940351,71.02002565,-123.1633076,-98.38855078
-81.17198817,94.83122173,62.96585092,-123.3368208,-116.0732924
-92.0857447,90.64247984,62.96585092,-124.1787767,-121.0946787
-100.1792331,66.52611067,62.96585092,-129.696274,-121.7904199
-105.2769902,53.45410234,62.96585092,-135.6673889,-121.320493
-116.6248094,37.34936656,51.99240335,-140.8649329,-117.0224431
-129.5159163,16.02345354,31.88171358,-148.3575172,-109.175675
-129.5159163,-2.36609106,3.649418246,28.86597199,-98.70627875
-129.5159163,-2.36609106,-1.800958228,43.18592475,-93.06222866
-129.5159163,-2.36609106,-7.395713654,27.94601381,-89.31356494
-129.5159163,-2.36609106,-9.315045962,19.77442812,-87.31394814
-121.859579,-8.576244349,-12.60349886,28.48870019,-85.45262405
-106.0252037,-11.93712521,-20.96607598,29.20156588,-81.56435941
-93.93174166,-11.93712521,-22.06865444,28.71301648,-78.80106749
-93.93174166,-11.93712521,-14.57777952,35.04342818,-80.32572368
-93.93174166,-9.12119715,-14.57777952,33.20636943,-80.91328234
-92.55305884,-9.12119715,-14.57777952,32.47221897,-81.06285638
-84.30067859,-9.12119715,-14.57777952,32.18393293,-80.60788839
-84.13955067,-9.12119715,-14.57777952,32.07195772,-80.41295223
-82.65513087,-9.12119715,-2.854491404,56.3808266,-85.03892404
-77.91168322,1.017510933,-2.854491404,10.75280154,-86.80861947
-63.67362121,1.017510933,-2.854491404,-7.505670836,-87.22579525
-54.53280062,1.017510933,-1.671840195,-21.84539163,-87.87246786
-46.1668596,1.017510933,1.035655488,-90.09585836,-89.94538973
-43.8697199,1.017510933,4.789275146,-136.8916408,-93.73156867
-39.35163513,-0.793946283,1.035655488,30.70854938,-92.4080226
-28.68704464,-1.3914715,0.237806977,72.05305633,-91.26494029
-21.04547127,-1.3914715,-2.007020674,49.6103765,-87.25929347
-5.510553906,-1.3914715,0.237806977,79.61821582,-90.4103787
10.07537786,-1.3914715,1.035655488,107.8023992,21.33398035
21.09876512,-0.793946283,1.035655488,128.5968507,64.19341132
21.09876512,-0.793946283,0.237806977,115.3995492,80.03430972
21.09876512,-0.793946283,0.237806977,110.1108032,86.37268219
21.09876512,-0.793946283,0.237806977,107.9932474,88.90994274
21.09876512,-1.68077517,1.110822365,117.218898,91.35056258
8.630011495,-0.043153161,3.581180456,154.4189315,104.0429788
8.630011495,-0.043153161,5.498483276,169.4475282,115.0970644
8.630011495,-0.043153161,7.155054397,175.523108,123.8087065
8.630011495,-0.043153161,7.155054397,177.9583156,127.2790896
8.630011495,7.77243904,7.155054397,-8.438809128,128.6618412
0.834157457,7.77243904,7.155054397,-83.00033202,155.4322042
0.834157457,7.77243904,7.155054397,-112.8314443,166.1470405
0.834157457,7.77243904,5.548818623,-120.4994999,169.2992458
0.834157457,7.77243904,1.479997632,-108.7166202,158.046976
0.834157457,8.649137453,1.479997632,-103.3569331,153.549533
-0.180416096,8.649137453,-1.788058515,-88.37130406,57.93638829
-0.180416096,5.530895922,-2.096344513,-76.94039602,20.1885679
-0.180416096,4.718141031,-4.012489283,-60.60290544,6.48741903
-0.332507204,1.736574003,-4.094979892,-38.09084266,-0.235573409
-3.283986515,1.736574003,-4.983798904,-26.82998683,-20.15734386
-3.283986515,5.530895922,-4.983798904,-39.58004637,-28.10833237
-3.283986515,8.693838728,-4.983798904,-51.99154598,-31.27643724
-2.272684134,8.693838728,-4.983798904,-56.95029864,-27.21286055
-2.272684134,5.476436915,-4.983798904,-51.45109608,-25.58928242
-2.272684134,1.736574003,-2.288846469,-42.95133818,-37.11421408
-2.272684134,1.736574003,-0.38100548,-63.8236352,-63.14542879
-2.272684134,1.736574003,3.603665108,-118.1657396,-113.9311229
-0.543212674,4.518971449,4.464521892,-128.1341907,-149.4307767
2.660138664,4.518971449,7.394690762,-140.4679345,36.32939903
2.660138664,4.518971449,7.394690762,-145.3948713,110.6302447
2.660138664,4.518971449,13.20519398,-154.8843812,145.3847327
2.660138664,4.518971449,16.97165297,-161.067629,160.7789671
2.660138664,12.30296779,19.74796337,-153.3336256,167.6831402
0.05428578,13.25589012,19.74796337,-149.0680633,174.9567004
0.05428578,14.02541069,19.74796337,-146.4538885,177.8670108
0.05428578,14.88655557,19.74796337,-144.4267231,179.0242284
0.05428578,14.88655557,19.74796337,-143.60828,179.4722308
0.05428578,14.88655557,18.25915315,-141.9675049,179.6325634
-0.481344866,14.88655557,14.91588111,-137.8600029,-35.08948736
-0.481344866,14.88655557,5.841801115,-122.0451304,-119.2473271
-0.481344866,8.827977916,-3.150328615,-91.08618548,-52.93258833
-0.481344866,5.416127658,-3.150328615,-72.37349866,-26.38997642
-0.93626441,0.784637829,-3.628766831,-36.30677736,-19.23370901
-0.93626441,0.784637829,-4.531441669,-20.44848024,-14.69656136
-0.93626441,0.784637829,-7.108983668,-11.98834998,-10.38953535
-0.93626441,0.784637829,-9.072913511,-7.790691434,-7.715541264
-0.93626441,0.784637829,-10.30432983,-5.770326779,-6.279628844
0.953371224,1.800372236,-10.30432983,-8.279866547,0.577915185
13.6949269,2.010936018,-9.072913511,-10.83454334,34.0297196
13.6949269,5.218060485,-9.072913511,-22.29815092,47.42690946
13.6949269,5.857709626,-9.072913511,-28.65463454,52.80706075
13.6949269,5.857709626,-9.072913511,-31.20224917,54.97671857
13.6949269,5.857709626,-2.602201519,-52.14462451,69.51234101
8.414311839,5.857709626,-2.602201519,-60.51784505,71.47374981
8.414311839,5.857709626,-2.602201519,-63.86413928,72.24616928
8.414311839,1.298885407,-2.602201519,-41.48660147,72.53512687
8.414311839,-1.331687014,-2.602201519,-0.361254522,72.63903362
5.874656592,-3.676724989,-5.339588124,20.5584056,57.63336779
5.275390817,-5.34043394,-5.339588124,35.19802136,49.7948668
5.275390817,-5.34043394,-5.339588124,41.05007467,46.67385599
5.275390817,-5.34043394,-5.339588124,43.39169274,45.44164931
5.275390817,-5.34043394,-5.339588124,44.32745382,44.9665846
-4.175936441,-5.34043394,-0.652488699,67.52746468,-30.60889088
-5.824992845,-2.465289125,4.754391703,118.5550249,-89.77244305
-5.824992845,-0.289385177,9.68852757,154.3964423,-125.2984984
-5.824992845,-0.289385177,9.68852757,168.738542,-139.5126426
-5.824992845,2.619220703,10.37475447,-31.99121477,-146.2163827
-5.824992845,2.619220703,10.37475447,-112.2850277,-148.8945078
-4.970927926,4.19783173,10.37475447,-139.6832938,-152.171579
1.024290691,4.352304292,9.68852757,-149.3300275,43.57119319
2.299367627,4.352304292,8.524915357,-151.46691,116.4787561
12.35897583,4.19783173,3.616317983,-138.9938171,110.5372788
22.38093417,-3.678478123,0.978623157,7.377083732,99.92227791
28.38444457,-6.083956468,-1.119251072,50.71400338,92.82036212
45.13978559,-6.71785794,-7.453879946,45.50916808,85.709394
75.60025455,-18.69711121,-19.01995848,44.9026177,80.00686904
137.281621,-18.69711121,-22.29646355,41.92787973,80.64636799
201.5940003,-18.69711121,-22.29646355,40.72511361,82.65327821
264.6139196,-18.69711121,-22.29646355,40.22907762,84.37058423
318.6886154,-18.69711121,-22.29646355,40.02913132,85.55257734
331.7161838,-10.49174731,-22.29646355,31.09278348,86.13251892
331.7161838,9.851607216,-0.523187514,-39.74418332,88.57641656
331.7161838,9.851607216,16.52066671,-105.3896423,91.25259134
331.7161838,9.851607216,16.52066671,-131.6150435,92.23730011
331.7161838,9.851607216,16.52066671,-142.0732192,92.56411376
299.3321522,9.851607216,16.52066671,-146.219992,92.80397185
241.6910006,6.745072248,16.52066671,-153.0114577,93.26699312
145.6387969,-28.68140877,15.30254552,9.801358206,94.57771067
66.82021571,-62.79876174,12.40020222,64.76016332,97.74662718
13.93798572,-100.3921986,12.40020222,84.27320964,117.7048036
-1.545109157,-129.8943782,12.40020222,91.15540366,-56.94780368
-7.582595908,-157.7913936,12.40020222,93.37513398,-112.0555958
-39.44842883,-164.4979683,12.40020222,94.19850396,-109.3554731
-93.1782672,-167.6420892,76.05167816,106.6011671,-121.3370086
-143.4834073,-178.9591342,153.2990967,121.2768758,-130.8883498
-211.7935572,-182.5317199,153.2990967,126.8693852,-128.2133084
-248.6685933,-229.6544892,153.2990967,125.4726168,-124.8128719
-295.9158773,-351.3479996,153.2990967,118.9667131,-121.065786
-340.7298313,-422.4191303,153.2990967,114.3063489,-117.7354257
-400.1441122,-422.4191303,119.3889141,109.9662543,-111.7307869
-483.2008167,-422.4191303,81.17133554,105.1672407,-104.9355068
-670.3805346,-422.4191303,54.81939229,100.8871589,-99.1300513
-863.150352,-422.4191303,43.05324905,97.94320521,-95.58851039
-863.150352,-405.8816668,-30.894921,90.34736423,-91.14331383
-863.150352,-347.9901321,-81.60864673,81.91936284,-87.30092157
-863.150352,-271.2768717,-81.60864673,76.38727463,-85.73450337
-863.150352,-147.7040777,-81.60864673,66.90106425,-85.0593212
-650.7244518,5.080985104,-81.60864673,24.39489676,-83.71988155
-367.3412552,171.6809933,-81.60864673,-29.15358918,-79.96773056
-109.3193619,302.8112775,-81.60864673,-56.7341727,-63.97864297
105.4081567,408.6286436,-81.60864673,-70.03427832,5.677199629
267.2247357,408.6286436,-81.60864673,-75.37225155,45.97146662
329.478244,408.6286436,-81.60864673,-77.54270739,63.92838481
329.478244,408.6286436,-63.39348039,-79.92277605,72.94479482
329.478244,408.6286436,-63.39348039,-80.86529505,76.60541652
329.478244,353.9180778,-63.39348039,-80.41000734,78.10416548
329.478244,271.8349352,-63.39348039,-78.39307476,78.73266556
232.0032732,187.099823,-63.39348039,-74.20348068,76.37031803
132.4233927,105.5390972,-39.91349102,-71.31415348,74.53775113
56.50903572,30.05890067,-32.34805078,-54.34672601,65.98271466
49.86615005,-10.4262692,-31.7983595,-10.93934846,60.90316399
45.01360934,-28.48984995,-26.66227657,23.66300878,59.96836872
45.01360934,-63.10154322,-19.40432514,53.10033028,63.99768784
45.01360934,-63.10154322,-19.01729331,65.09745948,65.88872361
45.01360934,-63.10154322,-12.73715503,73.15611802,70.98076703
49.86615005,-63.10154322,13.82787979,90.68077136,91.92667638
53.53390912,-41.8454826,49.64584884,120.2278536,116.8408979
69.16836593,-64.86693751,87.85189398,134.2545276,132.2194731
81.15463388,-64.86693751,87.85189398,139.8064673,135.6761992
105.5703104,-54.89689598,87.85189398,144.6147522,132.4799489
144.5964572,-41.8454826,87.85189398,150.3927209,125.9192567
333.1958641,-33.84570775,87.85189398,155.2840935,113.4418019
475.7441112,-15.82670096,50.23802765,159.3810582,103.2655762
475.7441112,-15.82670096,50.23802765,161.0724244,99.28496352
475.7441112,6.233116584,50.23802765,-39.47138081,97.70831237
475.7441112,96.39974787,18.08642283,-76.24088971,94.70433628
475.7441112,242.0816229,13.03598534,-86.38465614,93.07678937
471.3820793,242.0816229,-33.46644598,-83.88446036,88.95545979
380.9805272,242.0816229,-33.46644598,-82.93242606,86.6122421
345.6068544,242.0816229,-33.46644598,-82.59281463,85.22322131
340.1518967,242.0816229,-30.63444989,-82.85649677,84.81864731
333.339973,223.1515572,-30.63444989,-82.52625344,84.56818187
284.6700898,211.2633837,-30.63444989,-82.05635193,83.92669825
276.7884374,205.5349492,-30.63444989,-81.6481364,83.5404217
217.7856443,187.9264032,-30.63444989,-80.86926405,82.35370663
43.65754095,183.2639086,-30.63444989,-80.48898309,65.63770625
-143.6351674,180.2373748,-30.63444989,-80.2796443,-20.80233726
-299.1418848,124.5406702,-30.63444989,-77.74876597,-59.04981963
-411.9976799,34.53378187,-30.63444989,-60.13797419,-75.21294004
-494.5173923,-62.85316504,-37.13891195,11.59436789,-81.54665721
-494.5173923,-63.45708399,-37.36650132,40.3264262,-83.97745097
-494.5173923,-63.45708399,-46.41810869,48.38411194,-84.3228753
-494.5173923,-63.45708399,-46.41810869,51.60862381,-84.50615496
-494.5173923,-63.45708399,-46.41810869,52.91710789,-84.6066095
-374.5952083,-63.45708399,-39.60961075,55.97745417,-84.25739823
-208.7441826,-2.06528572,-37.36650132,24.29037273,-81.65315803
-95.83744995,-0.777448652,-37.13891195,10.42817358,-73.99818567
-34.95612822,3.781742642,-31.43688832,0.029416182,-58.48776887
-16.39123771,4.075585225,-28.7119183,-4.879337848,-41.30630997
-8.14315004,5.099161753,-21.8820007,-9.879584281,-28.83770935
-8.14315004,5.099161753,-19.74759522,-12.69976058,-25.03249756
-2.707035169,5.669928882,-9.761433494,-23.2316285,-19.37167366
7.637325915,6.016736754,7.92412645,-95.02320195,73.80526177
10.45581233,8.280154256,18.56483034,-131.63604,119.7960063
11.76517412,8.280154256,18.56483034,-146.2794002,136.3959622
16.4430476,8.447540148,19.06084443,-152.213166,137.9914354
10.45581233,8.447540148,19.06084443,-154.5855904,145.8667963
7.637325915,8.447540148,19.06084443,-155.5427009,153.1839627
7.637325915,8.447540148,18.56483034,-155.5913973,155.8250469
7.637325915,8.280154256,17.86005629,-155.3631789,156.4279692
6.152211115,3.753001038,14.19787412,-161.3029806,156.5107301
6.152211115,-3.596706021,13.79559648,34.6771285,156.1781405
6.152211115,-4.3699903,13.36407907,110.9773029,155.6060116
6.152211115,-4.457247826,11.8516817,139.9934062,153.7262274
6.152211115,-5.079026247,10.64136222,148.6527202,151.4103162
13.83398965,-6.130690035,5.622312942,138.9304705,127.7903714
13.83398965,-8.304459888,5.622312942,129.9745316,118.3640097
13.83398965,-10.55617544,5.622312942,122.7460522,114.6104789
13.83398965,-10.55617544,5.622312942,119.8558999,113.12238
13.83398965,-10.55617544,5.622312942,118.7151173,112.5383283
13.83398965,-10.55617544,11.16729011,129.4174527,122.3750983
13.83398965,-8.304459888,11.16729011,137.7563694,126.292436
13.83398965,4.522304419,11.16729011,-39.69773707,127.8361311
13.83398965,11.45171003,11.16729011,-96.47719156,128.4238762
9.116601573,11.45171003,11.16729011,-119.1908912,135.766023
8.591594662,11.45171003,8.952943725,-124.5204628,135.9496171
8.591594662,11.45171003,3.514558873,-114.0709443,121.6723978
8.591594662,11.45171003,2.943763852,-108.2981063,113.9600555
-2.666064795,11.06411802,-0.561727182,-95.59686833,-1.334807264
-19.51823835,10.0567971,-0.773343357,-89.62360303,-53.22669454
-32.65396265,6.799498643,-1.075148048,-84.48242042,-74.20442405
-38.17249133,-5.887581332,-8.753807189,-13.46623627,-75.96284279
-38.17249133,-15.54964516,-8.753807189,30.95456709,-76.66449862
-38.17249133,-15.54964516,-8.753807189,48.71469427,-76.94749657
-38.17249133,-15.54964516,-8.753807189,55.81548703,-77.06521688
-38.17249133,-15.54964516,-8.753807189,58.65447408,-77.11851664
-27.63930343,-15.54964516,-5.792140533,65.159733,-77.78628601
-14.74472386,-10.70122422,-4.293044126,66.90719586,-75.41653398
-3.639633578,2.186668901,-0.90825834,-13.7398773,-75.80032474
1.70527326,12.09718374,5.662342691,-74.5816242,67.58132773
2.02126037,14.80793793,8.032987151,-100.951184,126.5088244
2.476284584,15.72047338,8.032987151,-110.6385445,148.2663887
2.476284584,15.72047338,8.032987151,-114.5119487,156.9737269
2.476284584,15.72047338,8.032987151,-116.0618864,160.4643666
2.476284584,15.72047338,8.032987151,-116.6795362,161.8646468
3.035754184,15.72047338,7.265953857,-115.5737995,159.0973076
3.035754184,9.326686177,1.871885411,-107.0646169,136.5934598
3.035754184,8.602093209,-4.818249586,-79.30917382,73.93492501
1.498492455,2.225512978,-7.243249809,-42.0125707,36.5670261
1.498492455,-1.42005273,-7.243249809,-10.19523908,21.61809486
1.498492455,-1.42005273,-7.243249809,2.539292539,15.63010604
4.938889864,-1.42005273,-7.243249809,7.640759269,26.7819174
4.938889864,-1.42005273,-7.243249809,9.687711844,31.24360506
4.938889864,-1.42005273,-3.176241399,18.30795953,46.80513151
1.498492455,-1.42005273,-3.176241399,21.75473768,33.8223783
1.456020152,-1.42005273,-3.176241399,23.12653059,28.24772946
0.716749583,-1.42005273,-2.846471106,25.12073185,19.72549459
-3.028878607,-1.42005273,-1.926948899,31.83729317,-26.68089137
-5.582021104,-5.556292509,-1.679502309,56.60667098,-54.65734218
-5.918577015,-5.556292509,0.692164863,80.86992016,-79.89385296
-5.918577015,-5.556292509,0.508057636,89.45153345,-88.9303019
-5.918577015,-5.556292509,0.508057636,92.88093774,-92.55399643
-5.918577015,-5.556292509,0.508057636,94.25196194,-94.0060396
-5.582021104,-5.372702047,0.692164863,96.06740465,-95.8901466
-5.578556143,-5.075297657,0.725488705,97.26808735,-96.84858254
-3.414368087,-4.778332705,3.845205291,116.1673234,-121.8178542
-2.375684932,1.569012782,5.489751109,-51.99223759,-142.7234721
-0.814355816,4.451341633,7.630247688,-110.6634744,-161.4710387
0.290892087,4.624579279,7.630247688,-133.553786,42.06528331
1.899125111,4.624579279,7.630247688,-142.7085557,116.4140985
2.100527167,4.624579279,7.630247688,-146.3749101,145.3102699
5.96851064,4.624579279,7.630247688,-147.8479456,143.2839534
6.57312068,9.535827796,7.612789613,-136.3313424,140.8026227
8.276842422,9.535827796,7.612789613,-131.7190158,135.8534603
8.276842422,9.535827796,7.612789613,-129.8685905,133.8720629
8.276842422,9.535827796,6.538093629,-126.6250664,130.4981367
8.276842422,9.825279867,5.800688226,-122.9918945,127.1778997
6.57312068,14.87856901,5.800688226,-115.9720143,129.6865099
6.516261698,14.87856901,5.800688226,-113.1545869,130.8273627
6.516261698,14.87856901,5.791598975,-112.0109426,131.2421989
6.13779268,14.87856901,3.915629215,-107.6451312,125.9405635
0.427617322,14.87856901,-4.095681344,-87.8270195,53.86923555
-0.191331381,2.862010195,-17.88895002,-40.59694671,21.09857198
-0.497826701,-14.46980653,-28.73597416,-0.218175531,7.763394719
-0.497826701,-28.92649194,-28.73597416,27.011209,2.436802251
-6.621621903,-28.92649194,-28.73597416,37.90140946,-6.874202578
-6.621621903,-28.92649194,-28.73597416,42.25035703,-10.59575772
-6.621621903,-28.92649194,-28.73597416,43.98092317,-12.08744939
-6.621621903,-28.92649194,-18.88534629,51.66498692,-16.4891204
-6.621621903,-26.13919221,-18.08184103,53.81832546,-18.71680547
-5.178966359,-20.43182326,-15.29454789,53.40065165,-18.75774259
-4.781942339,-11.94290951,-7.808539031,55.42411512,-26.43717121
-4.444240484,0.615583404,6.912609375,-82.79889,-98.97287235
-2.762346759,15.61628042,7.380159245,-102.3133095,-135.318497
-2.240673374,15.61628042,7.380159245,-110.1160686,-152.0404527
-0.884469783,15.61628042,7.380159245,-113.2414517,-164.7603439
-0.884469783,15.61628042,7.380159245,-114.4969117,-169.8457221
-0.884469783,15.61628042,7.380159245,-115.0100771,-171.877839
0.570374921,9.459077943,2.100600413,-107.5630519,30.09675539
2.512964706,-1.377574322,2.100600413,44.97050139,89.93855562
3.867296651,-1.377574322,2.100600413,105.9874847,107.0413135
3.867296651,-1.377574322,2.100600413,130.4016479,113.8805275
3.867296651,-1.377574322,2.100600413,140.1739467,116.6117121
3.867296651,-1.377574322,7.880282089,158.0888832,138.9163453
3.867296651,2.73855948,12.78640818,-37.53827689,153.4282104
1.266077373,2.838429077,14.99261215,-116.6075787,166.4348136
-1.638424664,3.833710494,14.99261215,-146.0593338,-37.72397012
-4.341704559,3.833710494,14.99261215,-157.8410717,-113.4437845
-5.873800501,3.833710494,14.99261215,-162.5577099,-140.5847158
-6.372056566,3.833710494,14.99261215,-164.4401112,-150.4555787
-6.636077568,3.332632026,12.81432873,-165.0477613,-151.7915487
-7.009247822,3.332632026,9.397814952,-162.3112547,-146.719096
-7.009247822,3.306909012,7.910677113,-159.3154064,-141.7996796
-7.009247822,3.136157359,7.495119612,-158.1042705,-138.9152359
-6.372056566,3.136157359,5.355539917,-153.0306096,-133.6406388
-5.881709901,-2.224969949,5.18186218,32.84674504,-132.3294642
-6.372056566,-2.224969949,-1.906063554,42.79039591,-96.98173401
-7.543455003,-3.519091464,-7.734264735,31.79425318,-65.40057083
-5.881709901,-5.612004994,-11.49399746,28.3281979,-42.45405595
-4.268774248,-8.617588078,-15.61380551,28.65887674,-26.19429612
-2.903973472,-13.3258224,-19.44250072,32.10497929,-15.61245522
-1.578018734,-15.93122471,-19.44250072,36.422566,-9.059790748
-1.578018734,-15.93122471,-19.44250072,38.14896425,-6.437002512
3.159786283,-15.93122471,-19.44250072,38.83605945,2.937480492
6.595679318,-15.93122471,-19.44250072,39.1113402,12.39501892
6.595679318,-15.93122471,-11.42429625,48.23633928,22.93733286
6.595679318,-9.344610532,-5.005734826,56.36976643,40.8333806
6.595679318,-0.696879315,1.090749152,110.9854997,75.9354742
6.595679318,5.538793314,2.122252777,-22.20118513,95.03690027
1.240642121,14.77312062,2.122252777,-67.79824388,127.7953844
0.204396109,14.77312062,2.122252777,-86.03692962,155.7890295
-1.102841165,14.77312062,2.122252777,-93.33586967,-29.23883589
-1.102841165,14.77312062,2.122252777,-96.26069261,-103.2530019
-1.102841165,14.77312062,1.504801431,-96.01989172,-127.5977497
